This is XeTeX, Version 3.141592653-2.6-0.999997 (TeX Live 2025) (preloaded format=xelatex 2025.11.12)  8 FEB 2026 15:29
entering extended mode
 \write18 enabled.
 file:line:error style messages enabled.
 %&-line parsing enabled.
**/mnt/mydata/yh/liming/workspace/XJTU-thesis/main
(/mnt/mydata/yh/liming/workspace/XJTU-thesis/main.tex
LaTeX2e <2025-11-01>
L3 programming layer <2025-10-24>
(./XJTU-thesis.cls (/mnt/mydata/yh/liming/workspace/texlive/texmf-dist/tex/latex/l3kernel/expl3.sty
Package: expl3 2025-10-24 L3 programming layer (loader) 
 (/mnt/mydata/yh/liming/workspace/texlive/texmf-dist/tex/latex/l3backend/l3backend-xetex.def
File: l3backend-xetex.def 2025-10-09 L3 backend support: XeTeX
\g__graphics_track_int=\count271
\g__pdfannot_backend_int=\count272
\g__pdfannot_backend_link_int=\count273
))
Document Class: XJTU-thesis 2021/07/16 1.2.4 Xi'an Jiaotong University Template
(/mnt/mydata/yh/liming/workspace/texlive/texmf-dist/tex/latex/base/book.cls
Document Class: book 2025/01/22 v1.4n Standard LaTeX document class
(/mnt/mydata/yh/liming/workspace/texlive/texmf-dist/tex/latex/base/bk12.clo
File: bk12.clo 2025/01/22 v1.4n Standard LaTeX file (size option)
)
\c@part=\count274
\c@chapter=\count275
\c@section=\count276
\c@subsection=\count277
\c@subsubsection=\count278
\c@paragraph=\count279
\c@subparagraph=\count280
\c@figure=\count281
\c@table=\count282
\abovecaptionskip=\skip49
\belowcaptionskip=\skip50
\bibindent=\dimen148
) (/mnt/mydata/yh/liming/workspace/texlive/texmf-dist/tex/generic/iftex/ifxetex.sty
Package: ifxetex 2019/10/25 v0.7 ifxetex legacy package. Use iftex instead.
 (/mnt/mydata/yh/liming/workspace/texlive/texmf-dist/tex/generic/iftex/iftex.sty
Package: iftex 2024/12/12 v1.0g TeX engine tests
)) (/mnt/mydata/yh/liming/workspace/texlive/texmf-dist/tex/latex/xcolor/xcolor.sty
Package: xcolor 2024/09/29 v3.02 LaTeX color extensions (UK)
 (/mnt/mydata/yh/liming/workspace/texlive/texmf-dist/tex/latex/graphics-cfg/color.cfg
File: color.cfg 2016/01/02 v1.6 sample color configuration
)

Package xcolor Warning: Package option `usenames' is obsolete and ignored on input line 265.

Package xcolor Info: Driver file: xetex.def on input line 274.
(/mnt/mydata/yh/liming/workspace/texlive/texmf-dist/tex/latex/graphics-def/xetex.def
File: xetex.def 2025/11/01 v5.0p Graphics/color driver for xetex
) (/mnt/mydata/yh/liming/workspace/texlive/texmf-dist/tex/latex/graphics/mathcolor.ltx)
Package xcolor Info: Model `cmy' substituted by `cmy0' on input line 1349.
Package xcolor Info: Model `RGB' extended on input line 1365.
Package xcolor Info: Model `HTML' substituted by `rgb' on input line 1367.
Package xcolor Info: Model `Hsb' substituted by `hsb' on input line 1368.
Package xcolor Info: Model `tHsb' substituted by `hsb' on input line 1369.
Package xcolor Info: Model `HSB' substituted by `hsb' on input line 1370.
Package xcolor Info: Model `Gray' substituted by `gray' on input line 1371.
Package xcolor Info: Model `wave' substituted by `hsb' on input line 1372.
) (/mnt/mydata/yh/liming/workspace/texlive/texmf-dist/tex/latex/graphics/dvipsnam.def
File: dvipsnam.def 2016/06/17 v3.0m Driver-dependent file (DPC,SPQR)
) (/mnt/mydata/yh/liming/workspace/texlive/texmf-dist/tex/latex/xcolor/svgnam.def
File: svgnam.def 2024/09/29 v3.02 Predefined colors according to SVG 1.1 (UK)
) (/mnt/mydata/yh/liming/workspace/texlive/texmf-dist/tex/latex/colortbl/colortbl.sty
Package: colortbl 2024/10/29 v1.0k Color table columns (DPC)
 (/mnt/mydata/yh/liming/workspace/texlive/texmf-dist/tex/latex/tools/array.sty
Package: array 2025/09/25 v2.6n Tabular extension package (FMi)
\col@sep=\dimen149
\ar@mcellbox=\box53
\extrarowheight=\dimen150
\NC@list=\toks17
\extratabsurround=\skip51
\backup@length=\skip52
\ar@cellbox=\box54
)
\everycr=\toks18
\minrowclearance=\skip53
\rownum=\count283
) (/mnt/mydata/yh/liming/workspace/texlive/texmf-dist/tex/latex/zhnumber/zhnumber.sty
Package: zhnumber 2022/07/14 v3.0 Typesetting numbers with Chinese glyphs
\l__zhnum_scale_int=\count284
\l__zhnum_tmp_int=\count285
 (/mnt/mydata/yh/liming/workspace/texlive/texmf-dist/tex/latex/zhnumber/zhnumber-utf8.cfg
File: zhnumber-utf8.cfg 2022/07/14 v3.0 Chinese numerals with UTF8 encoding
)) (/mnt/mydata/yh/liming/workspace/texlive/texmf-dist/tex/latex/datetime2/datetime2.sty
Package: datetime2 2021/03/21 v1.5.7 (NLCT) date and time formats
 (/mnt/mydata/yh/liming/workspace/texlive/texmf-dist/tex/latex/tracklang/tracklang.sty
Package: tracklang 2025/03/11 v1.6.6 (NLCT) Track Languages
 (/mnt/mydata/yh/liming/workspace/texlive/texmf-dist/tex/generic/tracklang/tracklang.tex)) (/mnt/mydata/yh/liming/workspace/texlive/texmf-dist/tex/latex/etoolbox/etoolbox.sty
Package: etoolbox 2025/10/02 v2.5m e-TeX tools for LaTeX (JAW)
\etb@tempcnta=\count286
) (/mnt/mydata/yh/liming/workspace/texlive/texmf-dist/tex/latex/xkeyval/xkeyval.sty
Package: xkeyval 2025/11/04 v2.10 package option processing (HA)
 (/mnt/mydata/yh/liming/workspace/texlive/texmf-dist/tex/generic/xkeyval/xkeyval.tex (/mnt/mydata/yh/liming/workspace/texlive/texmf-dist/tex/generic/xkeyval/xkvutils.tex
\XKV@toks=\toks19
\XKV@tempa@toks=\toks20
\XKV@tempb@toks=\toks21
 (/mnt/mydata/yh/liming/workspace/texlive/texmf-dist/tex/generic/xkeyval/keyval.tex))
\XKV@depth=\count287
File: xkeyval.tex 2014/12/03 v2.7a key=value parser (HA)
))) (/mnt/mydata/yh/liming/workspace/texlive/texmf-dist/tex/latex/tools/indentfirst.sty
Package: indentfirst 2023/07/02 v1.03 Indent first paragraph (DPC)
) (/mnt/mydata/yh/liming/workspace/texlive/texmf-dist/tex/latex/setspace/setspace.sty
Package: setspace 2022/12/04 v6.7b set line spacing
) (/mnt/mydata/yh/liming/workspace/texlive/texmf-dist/tex/latex/xpatch/xpatch.sty
Package: xpatch 2020/03/25 v0.3a Extending etoolbox patching commands
 (/mnt/mydata/yh/liming/workspace/texlive/texmf-dist/tex/latex/l3packages/xparse/xparse.sty
Package: xparse 2025-10-09 L3 Experimental document command parser
)) (/mnt/mydata/yh/liming/workspace/texlive/texmf-dist/tex/latex/tools/calc.sty
Package: calc 2025/03/01 v4.3b Infix arithmetic (KKT,FJ)
\calc@Acount=\count288
\calc@Bcount=\count289
\calc@Adimen=\dimen151
\calc@Bdimen=\dimen152
\calc@Askip=\skip54
\calc@Bskip=\skip55
LaTeX Info: Redefining \setlength on input line 86.
LaTeX Info: Redefining \addtolength on input line 87.
\calc@Ccount=\count290
\calc@Cskip=\skip56
) (/mnt/mydata/yh/liming/workspace/texlive/texmf-dist/tex/generic/ulem/ulem.sty
\UL@box=\box55
\UL@hyphenbox=\box56
\UL@skip=\skip57
\UL@hook=\toks22
\UL@height=\dimen153
\UL@pe=\count291
\UL@pixel=\dimen154
\ULC@box=\box57
Package: ulem 2019/11/18
\ULdepth=\dimen155
) (/mnt/mydata/yh/liming/workspace/texlive/texmf-dist/tex/latex/base/ifthen.sty
Package: ifthen 2024/03/16 v1.1e Standard LaTeX ifthen package (DPC)
) (/mnt/mydata/yh/liming/workspace/texlive/texmf-dist/tex/latex/realboxes/realboxes.sty
Package: realboxes 2011/08/08 v0.2 Change box commands to read there content as real boxes
 (/mnt/mydata/yh/liming/workspace/texlive/texmf-dist/tex/latex/collectbox/collectbox.sty
Package: collectbox 2022/10/17 v0.4c Collect macro arguments as boxes
\collectedbox=\box58
) (/mnt/mydata/yh/liming/workspace/texlive/texmf-dist/tex/latex/adjustbox/adjcalc.sty
Package: adjcalc 2012/05/16 v1.1 Provides advanced setlength with multiple back-ends (calc, etex, pgfmath)
)) (/mnt/mydata/yh/liming/workspace/texlive/texmf-dist/tex/latex/blindtext/blindtext.sty
Package: blindtext 2012/01/06 V2.0 blindtext-Package
 (/mnt/mydata/yh/liming/workspace/texlive/texmf-dist/tex/latex/tools/xspace.sty
Package: xspace 2014/10/28 v1.13 Space after command names (DPC,MH)
)
\c@blindtext=\count292
\c@Blindtext=\count293
\c@blind@countparstart=\count294
\blind@countxx=\count295
\blindtext@numBlindtext=\count296
\blind@countyy=\count297
\c@blindlist=\count298
\c@blindlistlevel=\count299
\c@blindlist@level=\count300
\blind@listitem=\count301
\c@blind@listcount=\count302
\c@blind@levelcount=\count303
\blind@mathformula=\count304
\blind@Mathformula=\count305
\c@blind@randomcount=\count306
\c@blind@randommax=\count307
\c@blind@pangramcount=\count308
\c@blind@pangrammax=\count309
) (/mnt/mydata/yh/liming/workspace/texlive/texmf-dist/tex/latex/zhlipsum/zhlipsum.sty
Package: zhlipsum 2020/04/10 v1.2.0 Chinese dummy text
 (/mnt/mydata/yh/liming/workspace/texlive/texmf-dist/tex/latex/l3packages/l3keys2e/l3keys2e.sty
Package: l3keys2e 2025-10-09 LaTeX2e option processing using LaTeX3 keys
)
\l__zhlipsum_begin_int=\count310
\l__zhlipsum_end_int=\count311
\l__zhlipsum_max_int=\count312
 (/mnt/mydata/yh/liming/workspace/texlive/texmf-dist/tex/latex/zhlipsum/zhlipsum-utf8.def
File: zhlipsum-utf8.def 2020/04/10 v1.2.0 Chinese dummy text with UTF-8 encoding (for zhlipsum)
\g__zhlipsum_simp_int=\count313

Package zhlipsum Info: Chinese dummy text "simp" is created. It has 50
(zhlipsum)             paragraphs.

\g__zhlipsum_trad_int=\count314

Package zhlipsum Info: Chinese dummy text "trad" is created. It has 50
(zhlipsum)             paragraphs.

\g__zhlipsum_nanshanjing_int=\count315

Package zhlipsum Info: Chinese dummy text "nanshanjing" is created. It has 43
(zhlipsum)             paragraphs.

\g__zhlipsum_xiangyu_int=\count316

Package zhlipsum Info: Chinese dummy text "xiangyu" is created. It has 45
(zhlipsum)             paragraphs.

\g__zhlipsum_zhufu_int=\count317

Package zhlipsum Info: Chinese dummy text "zhufu" is created. It has 110
(zhlipsum)             paragraphs.

\g__zhlipsum_aspirin_int=\count318

Package zhlipsum Info: Chinese dummy text "aspirin" is created. It has 66
(zhlipsum)             paragraphs.

)) (/mnt/mydata/yh/liming/workspace/texlive/texmf-dist/tex/latex/amsmath/amsmath.sty
Package: amsmath 2025/07/09 v2.17z AMS math features
\@mathmargin=\skip58

For additional information on amsmath, use the `?' option.
(/mnt/mydata/yh/liming/workspace/texlive/texmf-dist/tex/latex/amsmath/amstext.sty
Package: amstext 2024/11/17 v2.01 AMS text
 (/mnt/mydata/yh/liming/workspace/texlive/texmf-dist/tex/latex/amsmath/amsgen.sty
File: amsgen.sty 1999/11/30 v2.0 generic functions
\@emptytoks=\toks23
\ex@=\dimen156
)) (/mnt/mydata/yh/liming/workspace/texlive/texmf-dist/tex/latex/amsmath/amsbsy.sty
Package: amsbsy 1999/11/29 v1.2d Bold Symbols
\pmbraise@=\dimen157
) (/mnt/mydata/yh/liming/workspace/texlive/texmf-dist/tex/latex/amsmath/amsopn.sty
Package: amsopn 2022/04/08 v2.04 operator names
)
\inf@bad=\count319
LaTeX Info: Redefining \frac on input line 233.
\uproot@=\count320
\leftroot@=\count321
LaTeX Info: Redefining \overline on input line 398.
LaTeX Info: Redefining \colon on input line 409.
\classnum@=\count322
\DOTSCASE@=\count323
LaTeX Info: Redefining \ldots on input line 495.
LaTeX Info: Redefining \dots on input line 498.
LaTeX Info: Redefining \cdots on input line 619.
\Mathstrutbox@=\box59
\strutbox@=\box60
LaTeX Info: Redefining \big on input line 721.
LaTeX Info: Redefining \Big on input line 722.
LaTeX Info: Redefining \bigg on input line 723.
LaTeX Info: Redefining \Bigg on input line 724.
\big@size=\dimen158
LaTeX Font Info:    Redeclaring font encoding OML on input line 742.
LaTeX Font Info:    Redeclaring font encoding OMS on input line 743.
\macc@depth=\count324
LaTeX Info: Redefining \bmod on input line 904.
LaTeX Info: Redefining \pmod on input line 909.
LaTeX Info: Redefining \smash on input line 939.
LaTeX Info: Redefining \relbar on input line 969.
LaTeX Info: Redefining \Relbar on input line 970.
\c@MaxMatrixCols=\count325
\dotsspace@=\muskip17
\c@parentequation=\count326
\dspbrk@lvl=\count327
\tag@help=\toks24
\row@=\count328
\column@=\count329
\maxfields@=\count330
\andhelp@=\toks25
\eqnshift@=\dimen159
\alignsep@=\dimen160
\tagshift@=\dimen161
\tagwidth@=\dimen162
\totwidth@=\dimen163
\lineht@=\dimen164
\@envbody=\toks26
\multlinegap=\skip59
\multlinetaggap=\skip60
\mathdisplay@stack=\toks27
LaTeX Info: Redefining \[ on input line 2950.
LaTeX Info: Redefining \] on input line 2951.
) (/mnt/mydata/yh/liming/workspace/texlive/texmf-dist/tex/latex/unicode-math/unicode-math.sty
Package: unicode-math 2023/08/13 v0.8r Unicode maths in XeLaTeX and LuaLaTeX
 (/mnt/mydata/yh/liming/workspace/texlive/texmf-dist/tex/latex/unicode-math/unicode-math-xetex.sty
Package: unicode-math-xetex 2023/08/13 v0.8r Unicode maths in XeLaTeX and LuaLaTeX
 (/mnt/mydata/yh/liming/workspace/texlive/texmf-dist/tex/latex/fontspec/fontspec.sty
Package: fontspec 2025/09/29 v2.9g Font selection for XeLaTeX and LuaLaTeX
 (/mnt/mydata/yh/liming/workspace/texlive/texmf-dist/tex/latex/fontspec/fontspec-xetex.sty
Package: fontspec-xetex 2025/09/29 v2.9g Font selection for XeLaTeX and LuaLaTeX
\l__fontspec_script_int=\count331
\l__fontspec_language_int=\count332
\l__fontspec_strnum_int=\count333
\l__fontspec_tmp_int=\count334
\l__fontspec_tmpa_int=\count335
\l__fontspec_tmpb_int=\count336
\l__fontspec_tmpc_int=\count337
\l__fontspec_em_int=\count338
\l__fontspec_emdef_int=\count339
\l__fontspec_strong_int=\count340
\l__fontspec_strongdef_int=\count341
\l__fontspec_tmpa_dim=\dimen165
\l__fontspec_tmpb_dim=\dimen166
\l__fontspec_tmpc_dim=\dimen167
 (/mnt/mydata/yh/liming/workspace/texlive/texmf-dist/tex/latex/base/fontenc.sty
Package: fontenc 2025/07/18 v2.1d Standard LaTeX package
) (/mnt/mydata/yh/liming/workspace/texlive/texmf-dist/tex/latex/fontspec/fontspec.cfg))) (/mnt/mydata/yh/liming/workspace/texlive/texmf-dist/tex/latex/base/fix-cm.sty
Package: fix-cm 2020/11/24 v1.1t fixes to LaTeX
 (/mnt/mydata/yh/liming/workspace/texlive/texmf-dist/tex/latex/base/ts1enc.def
File: ts1enc.def 2001/06/05 v3.0e (jk/car/fm) Standard LaTeX file
LaTeX Font Info:    Redeclaring font encoding TS1 on input line 47.
LaTeX Encoding Info:    Redeclaring text command \capitalcedilla (encoding TS1) on input line 49.
LaTeX Encoding Info:    Redeclaring text command \capitalogonek (encoding TS1) on input line 52.
LaTeX Encoding Info:    Redeclaring text command \capitalgrave (encoding TS1) on input line 55.
LaTeX Encoding Info:    Redeclaring text command \capitalacute (encoding TS1) on input line 56.
LaTeX Encoding Info:    Redeclaring text command \capitalcircumflex (encoding TS1) on input line 57.
LaTeX Encoding Info:    Redeclaring text command \capitaltilde (encoding TS1) on input line 58.
LaTeX Encoding Info:    Redeclaring text command \capitaldieresis (encoding TS1) on input line 59.
LaTeX Encoding Info:    Redeclaring text command \capitalhungarumlaut (encoding TS1) on input line 60.
LaTeX Encoding Info:    Redeclaring text command \capitalring (encoding TS1) on input line 61.
LaTeX Encoding Info:    Redeclaring text command \capitalcaron (encoding TS1) on input line 62.
LaTeX Encoding Info:    Redeclaring text command \capitalbreve (encoding TS1) on input line 63.
LaTeX Encoding Info:    Redeclaring text command \capitalmacron (encoding TS1) on input line 64.
LaTeX Encoding Info:    Redeclaring text command \capitaldotaccent (encoding TS1) on input line 65.
LaTeX Encoding Info:    Redeclaring text command \t (encoding TS1) on input line 66.
LaTeX Encoding Info:    Redeclaring text command \capitaltie (encoding TS1) on input line 67.
LaTeX Encoding Info:    Redeclaring text command \newtie (encoding TS1) on input line 68.
LaTeX Encoding Info:    Redeclaring text command \capitalnewtie (encoding TS1) on input line 69.
LaTeX Encoding Info:    Redeclaring text symbol \textcapitalcompwordmark (encoding TS1) on input line 70.
LaTeX Encoding Info:    Redeclaring text symbol \textascendercompwordmark (encoding TS1) on input line 71.
LaTeX Encoding Info:    Redeclaring text symbol \textquotestraightbase (encoding TS1) on input line 72.
LaTeX Encoding Info:    Redeclaring text symbol \textquotestraightdblbase (encoding TS1) on input line 73.
LaTeX Encoding Info:    Redeclaring text symbol \texttwelveudash (encoding TS1) on input line 74.
LaTeX Encoding Info:    Redeclaring text symbol \textthreequartersemdash (encoding TS1) on input line 75.
LaTeX Encoding Info:    Redeclaring text symbol \textleftarrow (encoding TS1) on input line 76.
LaTeX Encoding Info:    Redeclaring text symbol \textrightarrow (encoding TS1) on input line 77.
LaTeX Encoding Info:    Redeclaring text symbol \textblank (encoding TS1) on input line 78.
LaTeX Encoding Info:    Redeclaring text symbol \textdollar (encoding TS1) on input line 79.
LaTeX Encoding Info:    Redeclaring text symbol \textquotesingle (encoding TS1) on input line 80.
LaTeX Encoding Info:    Redeclaring text command \textasteriskcentered (encoding TS1) on input line 81.
LaTeX Encoding Info:    Redeclaring text symbol \textdblhyphen (encoding TS1) on input line 92.
LaTeX Encoding Info:    Redeclaring text symbol \textfractionsolidus (encoding TS1) on input line 93.
LaTeX Encoding Info:    Redeclaring text symbol \textzerooldstyle (encoding TS1) on input line 94.
LaTeX Encoding Info:    Redeclaring text symbol \textoneoldstyle (encoding TS1) on input line 95.
LaTeX Encoding Info:    Redeclaring text symbol \texttwooldstyle (encoding TS1) on input line 96.
LaTeX Encoding Info:    Redeclaring text symbol \textthreeoldstyle (encoding TS1) on input line 97.
LaTeX Encoding Info:    Redeclaring text symbol \textfouroldstyle (encoding TS1) on input line 98.
LaTeX Encoding Info:    Redeclaring text symbol \textfiveoldstyle (encoding TS1) on input line 99.
LaTeX Encoding Info:    Redeclaring text symbol \textsixoldstyle (encoding TS1) on input line 100.
LaTeX Encoding Info:    Redeclaring text symbol \textsevenoldstyle (encoding TS1) on input line 101.
LaTeX Encoding Info:    Redeclaring text symbol \texteightoldstyle (encoding TS1) on input line 102.
LaTeX Encoding Info:    Redeclaring text symbol \textnineoldstyle (encoding TS1) on input line 103.
LaTeX Encoding Info:    Redeclaring text symbol \textlangle (encoding TS1) on input line 104.
LaTeX Encoding Info:    Redeclaring text symbol \textminus (encoding TS1) on input line 105.
LaTeX Encoding Info:    Redeclaring text symbol \textrangle (encoding TS1) on input line 106.
LaTeX Encoding Info:    Redeclaring text symbol \textmho (encoding TS1) on input line 107.
LaTeX Encoding Info:    Redeclaring text symbol \textbigcircle (encoding TS1) on input line 108.
LaTeX Encoding Info:    Redeclaring text command \textcircled (encoding TS1) on input line 109.
LaTeX Encoding Info:    Redeclaring text symbol \textohm (encoding TS1) on input line 115.
LaTeX Encoding Info:    Redeclaring text symbol \textlbrackdbl (encoding TS1) on input line 116.
LaTeX Encoding Info:    Redeclaring text symbol \textrbrackdbl (encoding TS1) on input line 117.
LaTeX Encoding Info:    Redeclaring text symbol \textuparrow (encoding TS1) on input line 118.
LaTeX Encoding Info:    Redeclaring text symbol \textdownarrow (encoding TS1) on input line 119.
LaTeX Encoding Info:    Redeclaring text symbol \textasciigrave (encoding TS1) on input line 120.
LaTeX Encoding Info:    Redeclaring text symbol \textborn (encoding TS1) on input line 121.
LaTeX Encoding Info:    Redeclaring text symbol \textdivorced (encoding TS1) on input line 122.
LaTeX Encoding Info:    Redeclaring text symbol \textdied (encoding TS1) on input line 123.
LaTeX Encoding Info:    Redeclaring text symbol \textleaf (encoding TS1) on input line 124.
LaTeX Encoding Info:    Redeclaring text symbol \textmarried (encoding TS1) on input line 125.
LaTeX Encoding Info:    Redeclaring text symbol \textmusicalnote (encoding TS1) on input line 126.
LaTeX Encoding Info:    Redeclaring text symbol \texttildelow (encoding TS1) on input line 127.
LaTeX Encoding Info:    Redeclaring text symbol \textdblhyphenchar (encoding TS1) on input line 128.
LaTeX Encoding Info:    Redeclaring text symbol \textasciibreve (encoding TS1) on input line 129.
LaTeX Encoding Info:    Redeclaring text symbol \textasciicaron (encoding TS1) on input line 130.
LaTeX Encoding Info:    Redeclaring text symbol \textacutedbl (encoding TS1) on input line 131.
LaTeX Encoding Info:    Redeclaring text symbol \textgravedbl (encoding TS1) on input line 132.
LaTeX Encoding Info:    Redeclaring text symbol \textdagger (encoding TS1) on input line 133.
LaTeX Encoding Info:    Redeclaring text symbol \textdaggerdbl (encoding TS1) on input line 134.
LaTeX Encoding Info:    Redeclaring text symbol \textbardbl (encoding TS1) on input line 135.
LaTeX Encoding Info:    Redeclaring text symbol \textperthousand (encoding TS1) on input line 136.
LaTeX Encoding Info:    Redeclaring text symbol \textbullet (encoding TS1) on input line 137.
LaTeX Encoding Info:    Redeclaring text symbol \textcelsius (encoding TS1) on input line 138.
LaTeX Encoding Info:    Redeclaring text symbol \textdollaroldstyle (encoding TS1) on input line 139.
LaTeX Encoding Info:    Redeclaring text symbol \textcentoldstyle (encoding TS1) on input line 140.
LaTeX Encoding Info:    Redeclaring text symbol \textflorin (encoding TS1) on input line 141.
LaTeX Encoding Info:    Redeclaring text symbol \textcolonmonetary (encoding TS1) on input line 142.
LaTeX Encoding Info:    Redeclaring text symbol \textwon (encoding TS1) on input line 143.
LaTeX Encoding Info:    Redeclaring text symbol \textnaira (encoding TS1) on input line 144.
LaTeX Encoding Info:    Redeclaring text symbol \textguarani (encoding TS1) on input line 145.
LaTeX Encoding Info:    Redeclaring text symbol \textpeso (encoding TS1) on input line 146.
LaTeX Encoding Info:    Redeclaring text symbol \textlira (encoding TS1) on input line 147.
LaTeX Encoding Info:    Redeclaring text symbol \textrecipe (encoding TS1) on input line 148.
LaTeX Encoding Info:    Redeclaring text symbol \textinterrobang (encoding TS1) on input line 149.
LaTeX Encoding Info:    Redeclaring text symbol \textinterrobangdown (encoding TS1) on input line 150.
LaTeX Encoding Info:    Redeclaring text symbol \textdong (encoding TS1) on input line 151.
LaTeX Encoding Info:    Redeclaring text symbol \texttrademark (encoding TS1) on input line 152.
LaTeX Encoding Info:    Redeclaring text symbol \textpertenthousand (encoding TS1) on input line 153.
LaTeX Encoding Info:    Redeclaring text symbol \textpilcrow (encoding TS1) on input line 154.
LaTeX Encoding Info:    Redeclaring text symbol \textbaht (encoding TS1) on input line 155.
LaTeX Encoding Info:    Redeclaring text symbol \textnumero (encoding TS1) on input line 156.
LaTeX Encoding Info:    Redeclaring text symbol \textdiscount (encoding TS1) on input line 157.
LaTeX Encoding Info:    Redeclaring text symbol \textestimated (encoding TS1) on input line 158.
LaTeX Encoding Info:    Redeclaring text symbol \textopenbullet (encoding TS1) on input line 159.
LaTeX Encoding Info:    Redeclaring text symbol \textservicemark (encoding TS1) on input line 160.
LaTeX Encoding Info:    Redeclaring text symbol \textlquill (encoding TS1) on input line 161.
LaTeX Encoding Info:    Redeclaring text symbol \textrquill (encoding TS1) on input line 162.
LaTeX Encoding Info:    Redeclaring text symbol \textcent (encoding TS1) on input line 163.
LaTeX Encoding Info:    Redeclaring text symbol \textsterling (encoding TS1) on input line 164.
LaTeX Encoding Info:    Redeclaring text symbol \textcurrency (encoding TS1) on input line 165.
LaTeX Encoding Info:    Redeclaring text symbol \textyen (encoding TS1) on input line 166.
LaTeX Encoding Info:    Redeclaring text symbol \textbrokenbar (encoding TS1) on input line 167.
LaTeX Encoding Info:    Redeclaring text symbol \textsection (encoding TS1) on input line 168.
LaTeX Encoding Info:    Redeclaring text symbol \textasciidieresis (encoding TS1) on input line 169.
LaTeX Encoding Info:    Redeclaring text symbol \textcopyright (encoding TS1) on input line 170.
LaTeX Encoding Info:    Redeclaring text symbol \textordfeminine (encoding TS1) on input line 171.
LaTeX Encoding Info:    Redeclaring text symbol \textcopyleft (encoding TS1) on input line 172.
LaTeX Encoding Info:    Redeclaring text symbol \textlnot (encoding TS1) on input line 173.
LaTeX Encoding Info:    Redeclaring text symbol \textcircledP (encoding TS1) on input line 174.
LaTeX Encoding Info:    Redeclaring text symbol \textregistered (encoding TS1) on input line 175.
LaTeX Encoding Info:    Redeclaring text symbol \textasciimacron (encoding TS1) on input line 176.
LaTeX Encoding Info:    Redeclaring text symbol \textdegree (encoding TS1) on input line 177.
LaTeX Encoding Info:    Redeclaring text symbol \textpm (encoding TS1) on input line 178.
LaTeX Encoding Info:    Redeclaring text symbol \texttwosuperior (encoding TS1) on input line 179.
LaTeX Encoding Info:    Redeclaring text symbol \textthreesuperior (encoding TS1) on input line 180.
LaTeX Encoding Info:    Redeclaring text symbol \textasciiacute (encoding TS1) on input line 181.
LaTeX Encoding Info:    Redeclaring text symbol \textmu (encoding TS1) on input line 182.
LaTeX Encoding Info:    Redeclaring text symbol \textparagraph (encoding TS1) on input line 183.
LaTeX Encoding Info:    Redeclaring text symbol \textperiodcentered (encoding TS1) on input line 184.
LaTeX Encoding Info:    Redeclaring text symbol \textreferencemark (encoding TS1) on input line 185.
LaTeX Encoding Info:    Redeclaring text symbol \textonesuperior (encoding TS1) on input line 186.
LaTeX Encoding Info:    Redeclaring text symbol \textordmasculine (encoding TS1) on input line 187.
LaTeX Encoding Info:    Redeclaring text symbol \textsurd (encoding TS1) on input line 188.
LaTeX Encoding Info:    Redeclaring text symbol \textonequarter (encoding TS1) on input line 189.
LaTeX Encoding Info:    Redeclaring text symbol \textonehalf (encoding TS1) on input line 190.
LaTeX Encoding Info:    Redeclaring text symbol \textthreequarters (encoding TS1) on input line 191.
LaTeX Encoding Info:    Redeclaring text symbol \texteuro (encoding TS1) on input line 192.
LaTeX Encoding Info:    Redeclaring text symbol \texttimes (encoding TS1) on input line 193.
LaTeX Encoding Info:    Redeclaring text symbol \textdiv (encoding TS1) on input line 194.
))
\g__um_fam_int=\count342
\g__um_fonts_used_int=\count343
\l__um_primecount_int=\count344
\g__um_primekern_muskip=\muskip18
 (/mnt/mydata/yh/liming/workspace/texlive/texmf-dist/tex/latex/unicode-math/unicode-math-table.tex))) (/mnt/mydata/yh/liming/workspace/texlive/texmf-dist/tex/latex/amscls/amsthm.sty
Package: amsthm 2020/05/29 v2.20.6
\thm@style=\toks28
\thm@bodyfont=\toks29
\thm@headfont=\toks30
\thm@notefont=\toks31
\thm@headpunct=\toks32
\thm@preskip=\skip61
\thm@postskip=\skip62
\thm@headsep=\skip63
\dth@everypar=\toks33
) (/mnt/mydata/yh/liming/workspace/texlive/texmf-dist/tex/latex/thmtools/thmtools.sty
Package: thmtools 2023/05/04 v0.76
\thmt@toks=\toks34
\c@thmt@dummyctr=\count345
 (/mnt/mydata/yh/liming/workspace/texlive/texmf-dist/tex/latex/thmtools/thm-patch.sty
Package: thm-patch 2023/05/04 v0.76
 (/mnt/mydata/yh/liming/workspace/texlive/texmf-dist/tex/latex/thmtools/parseargs.sty
Package: parseargs 2023/05/04 v0.76
\@parsespec=\toks35
)) (/mnt/mydata/yh/liming/workspace/texlive/texmf-dist/tex/latex/thmtools/thm-kv.sty
Package: thm-kv 2023/05/04 v0.76
Package thm-kv Info: Theorem names will be uppercased on input line 42.
 (/mnt/mydata/yh/liming/workspace/texlive/texmf-dist/tex/latex/kvsetkeys/kvsetkeys.sty
Package: kvsetkeys 2022-10-05 v1.19 Key value parser (HO)
)
Package thm-kv Info: kvsetkeys patch (v1.16 or later) on input line 158.
) (/mnt/mydata/yh/liming/workspace/texlive/texmf-dist/tex/latex/thmtools/thm-autoref.sty
Package: thm-autoref 2023/05/04 v0.76
 (/mnt/mydata/yh/liming/workspace/texlive/texmf-dist/tex/latex/thmtools/aliasctr.sty
Package: aliasctr 2023/05/04 v0.76
)) (/mnt/mydata/yh/liming/workspace/texlive/texmf-dist/tex/latex/thmtools/thm-listof.sty
Package: thm-listof 2023/05/04 v0.76
) (/mnt/mydata/yh/liming/workspace/texlive/texmf-dist/tex/latex/thmtools/thm-restate.sty
Package: thm-restate 2023/05/04 v0.76
) (/mnt/mydata/yh/liming/workspace/texlive/texmf-dist/tex/latex/thmtools/thm-amsthm.sty
Package: thm-amsthm 2023/05/04 v0.76
\thmt@style@headstyle=\toks36
)) (/mnt/mydata/yh/liming/workspace/texlive/texmf-dist/tex/latex/glossaries/base/glossaries.sty
Package: glossaries 2025/11/09 v4.9 (NLCT)
 (/mnt/mydata/yh/liming/workspace/texlive/texmf-dist/tex/latex/mfirstuc/mfirstuc.sty
Package: mfirstuc 2025/04/03 v2.09 (NLCT)
\@glsmfirst=\toks37
\@glsmrest=\toks38
) (/mnt/mydata/yh/liming/workspace/texlive/texmf-dist/tex/latex/xfor/xfor.sty
Package: xfor 2009/02/05 v1.05 (NLCT)
) (/mnt/mydata/yh/liming/workspace/texlive/texmf-dist/tex/latex/datatool/datatool-base.sty
Package: datatool-base 2025/11/06 v3.4.2 (NLCT)
\l__datatool_tmpa_int=\count346
\l__datatool_tmpb_int=\count347
\l__datatool_tmpc_int=\count348
\l__datatool_tmpd_int=\count349
\l__datatool_count_int=\count350
\l__datatool_tmp_datatype_int=\count351
\l__datatool_tmpa_dim=\dimen168
\l__datatool_tmpb_dim=\dimen169
 (/mnt/mydata/yh/liming/workspace/texlive/texmf-dist/tex/latex/datatool/datatool-l3fp.def
File: datatool-l3fp.def 2025/11/06 v3.4.2 (NLCT)
)
\@dtl@toks=\toks39
\@dtl@tmpcount=\count352
\dtl@tmplength=\skip64
\l__datatool_measure_box=\box61
\dtl@sortresult=\count353
 (/mnt/mydata/yh/liming/workspace/texlive/texmf-dist/tex/latex/datatool/datatool-utf8.ldf
File: datatool-utf8.ldf 2025/11/06 v3.4.2 (NLCT)
)
\@dtl@datatype=\count354
\c_datatool_unknown_int=\count355
\l__datatool_year_int=\count356
\l__datatool_month_int=\count357
\l__datatool_day_int=\count358
\l__datatool_hour_int=\count359
\l__datatool_minute_int=\count360
\l__datatool_second_int=\count361
\l__datatool_tzhour_int=\count362
\l__datatool_tzminute_int=\count363
\l__datatool_julian_int=\count364
\l__datatool_local_julian_int=\count365
\l__datatool_prefix_int=\count366
\l__datatool_suffix_int=\count367
\@dtl@foreach@level=\count368
\dtl@codeA=\count369
\dtl@codeB=\count370
)
\gls@level=\count371
\@gls@tmpb=\toks40
\gls@tmplen=\skip65
\l__glossaries_tmpa_dim=\dimen170
\l__glossaries_tmpb_dim=\dimen171
\glskeylisttok=\toks41
\glslabeltok=\toks42
\glsshorttok=\toks43
\glslongtok=\toks44
 (/mnt/mydata/yh/liming/workspace/texlive/texmf-dist/tex/latex/glossaries/styles/glossary-hypernav.sty
Package: glossary-hypernav 2025/11/09 v4.9 (NLCT)
) (/mnt/mydata/yh/liming/workspace/texlive/texmf-dist/tex/latex/glossaries/styles/glossary-list.sty
Package: glossary-list 2025/11/09 v4.9 (NLCT)
\glslistdottedwidth=\skip66
) (/mnt/mydata/yh/liming/workspace/texlive/texmf-dist/tex/latex/glossaries/styles/glossary-long.sty
Package: glossary-long 2025/11/09 v4.9 (NLCT)
 (/mnt/mydata/yh/liming/workspace/texlive/texmf-dist/tex/latex/tools/longtable.sty
Package: longtable 2025-10-13 v4.24 Multi-page Table package (DPC)
\LTleft=\skip67
\LTright=\skip68
\LTpre=\skip69
\LTpost=\skip70
\LTchunksize=\count372
\LTcapwidth=\dimen172
\LT@head=\box62
\LT@firsthead=\box63
\LT@foot=\box64
\LT@lastfoot=\box65
\LT@gbox=\box66
\LT@cols=\count373
\LT@rows=\count374
\c@LT@tables=\count375
\c@LT@chunks=\count376
\LT@p@ftn=\toks45
)
\glsdescwidth=\skip71
\glspagelistwidth=\skip72
) (/mnt/mydata/yh/liming/workspace/texlive/texmf-dist/tex/latex/glossaries/styles/glossary-super.sty
Package: glossary-super 2025/11/09 v4.9 (NLCT)
 (/mnt/mydata/yh/liming/workspace/texlive/texmf-dist/tex/latex/supertabular/supertabular.sty
Package: supertabular 2024/07/20 v4.2c the supertabular environment
\c@tracingst=\count377
\ST@wd=\dimen173
\ST@rightskip=\skip73
\ST@leftskip=\skip74
\ST@parfillskip=\skip75
\ST@pageleft=\dimen174
\ST@headht=\dimen175
\ST@tailht=\dimen176
\ST@pagesofar=\dimen177
\ST@pboxht=\dimen178
\ST@rowht=\dimen179
\ST@prevht=\dimen180
\ST@toadd=\dimen181
\ST@dimen=\dimen182
\ST@pbox=\box67
)) (/mnt/mydata/yh/liming/workspace/texlive/texmf-dist/tex/latex/glossaries/styles/glossary-tree.sty
Package: glossary-tree 2025/11/09 v4.9 (NLCT)
\l__glossaries_tree_max_known_level_int=\count378
\l__glossaries_tree_offset_dim=\dimen183
\l__glossaries_tree_namewidth_dim=\dimen184
\l__glossaries_tree_symbolwidth_dim=\dimen185
\l__glossaries_tree_prenamesym_width_dim=\dimen186
\l__glossaries_tree_presubnamesym_width_dim=\dimen187
\l__glossaries_tree_namewidth_padding_dim=\dimen188
\l__glossaries_tree_symbolwidth_padding_dim=\dimen189
\l__glossaries_tree_namesymbolwidth_dim=\dimen190
\l__glossaries_tree_namesymbolwidth_padding_dim=\dimen191
\l__glossaries_tree_level_int=\count379
\glstreeindent=\skip76
)) (/mnt/mydata/yh/liming/workspace/texlive/texmf-dist/tex/latex/was/upgreek.sty
Package: upgreek 2003/02/12 v2.0 (WaS)
Package upgreek Info: Using Euler Roman for upright Greek on input line 31.
\symugrf@m=\mathgroup4
LaTeX Font Info:    Overwriting symbol font `ugrf@m' in version `bold'
(Font)                  U/eur/m/n --> U/eur/b/n on input line 38.
) (/mnt/mydata/yh/liming/workspace/texlive/texmf-dist/tex/latex/psnfss/pifont.sty
Package: pifont 2020/03/25 PSNFSS-v9.3 Pi font support (SPQR) 
LaTeX Font Info:    Trying to load font information for U+pzd on input line 63.
 (/mnt/mydata/yh/liming/workspace/texlive/texmf-dist/tex/latex/psnfss/upzd.fd
File: upzd.fd 2001/06/04 font definitions for U/pzd.
)
LaTeX Font Info:    Trying to load font information for U+psy on input line 64.
 (/mnt/mydata/yh/liming/workspace/texlive/texmf-dist/tex/latex/psnfss/upsy.fd
File: upsy.fd 2001/06/04 font definitions for U/psy.
)) (/mnt/mydata/yh/liming/workspace/texlive/texmf-dist/tex/latex/commath/commath.sty
Invalid UTF-8 byte or sequence at line 6 replaced by U+FFFD.
Invalid UTF-8 byte or sequence at line 9 replaced by U+FFFD.
) (/mnt/mydata/yh/liming/workspace/texlive/texmf-dist/tex/latex/siunitx/siunitx.sty
Package: siunitx 2025-07-09 v3.4.14 A comprehensive (SI) units package
\l__siunitx_number_uncert_offset_int=\count380
\l__siunitx_number_exponent_fixed_int=\count381
\l__siunitx_number_min_decimal_int=\count382
\l__siunitx_number_min_integer_int=\count383
\l__siunitx_number_round_precision_int=\count384
\l__siunitx_number_lower_threshold_int=\count385
\l__siunitx_number_upper_threshold_int=\count386
\l__siunitx_number_group_first_int=\count387
\l__siunitx_number_group_size_int=\count388
\l__siunitx_number_group_minimum_int=\count389
\l__siunitx_angle_tmp_dim=\dimen192
\l__siunitx_angle_marker_box=\box68
\l__siunitx_angle_unit_box=\box69
\l__siunitx_compound_count_int=\count390
 (/mnt/mydata/yh/liming/workspace/texlive/texmf-dist/tex/latex/translations/translations.sty
Package: translations 2022/02/05 v1.12 internationalization of LaTeX2e packages (CN)
 (/mnt/mydata/yh/liming/workspace/texlive/texmf-dist/tex/generic/pdftexcmds/pdftexcmds.sty
Package: pdftexcmds 2020-06-27 v0.33 Utility functions of pdfTeX for LuaTeX (HO)
 (/mnt/mydata/yh/liming/workspace/texlive/texmf-dist/tex/generic/infwarerr/infwarerr.sty
Package: infwarerr 2019/12/03 v1.5 Providing info/warning/error messages (HO)
) (/mnt/mydata/yh/liming/workspace/texlive/texmf-dist/tex/generic/ltxcmds/ltxcmds.sty
Package: ltxcmds 2023-12-04 v1.26 LaTeX kernel commands for general use (HO)
)
Package pdftexcmds Info: \pdf@primitive is available.
Package pdftexcmds Info: \pdf@ifprimitive is available.
Package pdftexcmds Info: \pdfdraftmode not found.
))
\l__siunitx_table_tmp_box=\box70
\l__siunitx_table_tmp_dim=\dimen193
\l__siunitx_table_column_width_dim=\dimen194
\l__siunitx_table_integer_box=\box71
\l__siunitx_table_decimal_box=\box72
\l__siunitx_table_uncert_box=\box73
\l__siunitx_table_before_box=\box74
\l__siunitx_table_after_box=\box75
\l__siunitx_table_before_dim=\dimen195
\l__siunitx_table_carry_dim=\dimen196
\l__siunitx_unit_tmp_int=\count391
\l__siunitx_unit_position_int=\count392
\l__siunitx_unit_total_int=\count393
) (/mnt/mydata/yh/liming/workspace/texlive/texmf-dist/tex/latex/mathtools/mathtools.sty
Package: mathtools 2024/10/04 v1.31 mathematical typesetting tools
 (/mnt/mydata/yh/liming/workspace/texlive/texmf-dist/tex/latex/mathtools/mhsetup.sty
Package: mhsetup 2021/03/18 v1.4 programming setup (MH)
)

Package mathtools Warning: For best results, please load mathtools *before* 
(mathtools)                unicode-math on input line 127.

\g_MT_multlinerow_int=\count394
\l_MT_multwidth_dim=\dimen197
\origjot=\skip77
\l_MT_shortvdotswithinadjustabove_dim=\dimen198
\l_MT_shortvdotswithinadjustbelow_dim=\dimen199
\l_MT_above_intertext_sep=\dimen256
\l_MT_below_intertext_sep=\dimen257
\l_MT_above_shortintertext_sep=\dimen258
\l_MT_below_shortintertext_sep=\dimen259
\xmathstrut@box=\box76
\xmathstrut@dim=\dimen260
) (/mnt/mydata/yh/liming/workspace/texlive/texmf-dist/tex/latex/geometry/geometry.sty
Package: geometry 2020/01/02 v5.9 Page Geometry
 (/mnt/mydata/yh/liming/workspace/texlive/texmf-dist/tex/generic/iftex/ifvtex.sty
Package: ifvtex 2019/10/25 v1.7 ifvtex legacy package. Use iftex instead.
)
\Gm@cnth=\count395
\Gm@cntv=\count396
\c@Gm@tempcnt=\count397
\Gm@bindingoffset=\dimen261
\Gm@wd@mp=\dimen262
\Gm@odd@mp=\dimen263
\Gm@even@mp=\dimen264
\Gm@layoutwidth=\dimen265
\Gm@layoutheight=\dimen266
\Gm@layouthoffset=\dimen267
\Gm@layoutvoffset=\dimen268
\Gm@dimlist=\toks46
) (/mnt/mydata/yh/liming/workspace/texlive/texmf-dist/tex/latex/ifoddpage/ifoddpage.sty
Package: ifoddpage 2022/10/18 v1.2 Conditionals for odd/even page detection
\c@checkoddpage=\count398
) (/mnt/mydata/yh/liming/workspace/texlive/texmf-dist/tex/latex/emptypage/emptypage.sty
Package: emptypage 2010/05/30 v1.2 Suppress page numbers and headings on empty pages
) (/mnt/mydata/yh/liming/workspace/texlive/texmf-dist/tex/latex/pdfpages/pdfpages.sty
Package: pdfpages 2025/07/23 v0.6g Insert pages of external PDF documents (AM)
 (/mnt/mydata/yh/liming/workspace/texlive/texmf-dist/tex/latex/eso-pic/eso-pic.sty
Package: eso-pic 2023/05/03 v3.0c eso-pic (RN)
\ESO@tempdima=\dimen269
\ESO@tempdimb=\dimen270
) (/mnt/mydata/yh/liming/workspace/texlive/texmf-dist/tex/latex/graphics/graphicx.sty
Package: graphicx 2024/12/31 v1.2e Enhanced LaTeX Graphics (DPC,SPQR)
 (/mnt/mydata/yh/liming/workspace/texlive/texmf-dist/tex/latex/graphics/graphics.sty
Package: graphics 2024/08/06 v1.4g Standard LaTeX Graphics (DPC,SPQR)
 (/mnt/mydata/yh/liming/workspace/texlive/texmf-dist/tex/latex/graphics/trig.sty
Package: trig 2023/12/02 v1.11 sin cos tan (DPC)
) (/mnt/mydata/yh/liming/workspace/texlive/texmf-dist/tex/latex/graphics-cfg/graphics.cfg
File: graphics.cfg 2016/06/04 v1.11 sample graphics configuration
)
Package graphics Info: Driver file: xetex.def on input line 106.
)
\Gin@req@height=\dimen271
\Gin@req@width=\dimen272
)
\AM@pagewidth=\dimen273
\AM@pageheight=\dimen274
\AM@fboxrule=\dimen275
 (/mnt/mydata/yh/liming/workspace/texlive/texmf-dist/tex/latex/pdfpages/ppxetex.def
File: ppxetex.def 2025/07/23 v0.6g Pdfpages driver for XeTeX (AM)
)
\pdfpages@includegraphics@status=\count399
\AM@pagebox=\box77
\AM@global@opts=\toks47
\AM@pagecnt=\count400
\AM@toc@title=\toks48
\AM@lof@heading=\toks49
\c@AM@survey=\count401
\AM@templatesizebox=\box78
) (/mnt/mydata/yh/liming/workspace/texlive/texmf-dist/tex/xelatex/xecjk/xeCJK.sty
Package: xeCJK 2022/08/05 v3.9.1 Typesetting CJK scripts with XeLaTeX
 (/mnt/mydata/yh/liming/workspace/texlive/texmf-dist/tex/latex/ctex/ctexhook.sty
Package: ctexhook 2022/07/14 v2.5.10 Document and package hooks (CTEX)
) (/mnt/mydata/yh/liming/workspace/texlive/texmf-dist/tex/latex/l3packages/xtemplate/xtemplate.sty
Package: xtemplate 2025-10-09 L3 Experimental prototype document functions
)
\l__xeCJK_tmp_int=\count402
\l__xeCJK_tmp_box=\box79
\l__xeCJK_tmp_dim=\dimen276
\l__xeCJK_tmp_skip=\skip78
\g__xeCJK_space_factor_int=\count403
\l__xeCJK_begin_int=\count404
\l__xeCJK_end_int=\count405
\c__xeCJK_CJK_class_int=\XeTeXcharclass1
\c__xeCJK_FullLeft_class_int=\XeTeXcharclass2
\c__xeCJK_FullRight_class_int=\XeTeXcharclass3
\c__xeCJK_HalfLeft_class_int=\XeTeXcharclass4
\c__xeCJK_HalfRight_class_int=\XeTeXcharclass5
\c__xeCJK_NormalSpace_class_int=\XeTeXcharclass6
\c__xeCJK_CM_class_int=\XeTeXcharclass7
\c__xeCJK_HangulJamo_class_int=\XeTeXcharclass8
\l__xeCJK_last_skip=\skip79
\c__xeCJK_none_node=\count406
\g__xeCJK_node_int=\count407
\c__xeCJK_CJK_node_dim=\dimen277
\c__xeCJK_CJK-space_node_dim=\dimen278
\c__xeCJK_default_node_dim=\dimen279
\c__xeCJK_CJK-widow_node_dim=\dimen280
\c__xeCJK_normalspace_node_dim=\dimen281
\c__xeCJK_default-space_node_skip=\skip80
\l__xeCJK_ccglue_skip=\skip81
\l__xeCJK_ecglue_skip=\skip82
\l__xeCJK_punct_kern_skip=\skip83
\l__xeCJK_indent_box=\box80
\l__xeCJK_last_penalty_int=\count408
\l__xeCJK_last_bound_dim=\dimen282
\l__xeCJK_last_kern_dim=\dimen283
\l__xeCJK_widow_penalty_int=\count409

LaTeX template Info: Declaring template type 'xeCJK/punctuation' taking 0
(template)           argument(s) on line 2396.

\l__xeCJK_fixed_punct_width_dim=\dimen284
\l__xeCJK_mixed_punct_width_dim=\dimen285
\l__xeCJK_middle_punct_width_dim=\dimen286
\l__xeCJK_fixed_margin_width_dim=\dimen287
\l__xeCJK_mixed_margin_width_dim=\dimen288
\l__xeCJK_middle_margin_width_dim=\dimen289
\l__xeCJK_bound_punct_width_dim=\dimen290
\l__xeCJK_bound_margin_width_dim=\dimen291
\l__xeCJK_margin_minimum_dim=\dimen292
\l__xeCJK_kerning_total_width_dim=\dimen293
\l__xeCJK_same_align_margin_dim=\dimen294
\l__xeCJK_different_align_margin_dim=\dimen295
\l__xeCJK_kerning_margin_width_dim=\dimen296
\l__xeCJK_kerning_margin_minimum_dim=\dimen297
\l__xeCJK_bound_dim=\dimen298
\l__xeCJK_reverse_bound_dim=\dimen299
\l__xeCJK_margin_dim=\dimen300
\l__xeCJK_minimum_bound_dim=\dimen301
\l__xeCJK_kerning_margin_dim=\dimen302
\g__xeCJK_family_int=\count410
\l__xeCJK_fam_int=\count411
\g__xeCJK_fam_allocation_int=\count412
\l__xeCJK_verb_case_int=\count413
\l__xeCJK_verb_exspace_skip=\skip84
 (/mnt/mydata/yh/liming/workspace/texlive/texmf-dist/tex/xelatex/xecjk/xeCJK.cfg
File: xeCJK.cfg 2022/08/05 v3.9.1 Configuration file for xeCJK package
)) (/mnt/mydata/yh/liming/workspace/texlive/texmf-dist/tex/latex/base/fontenc.sty
Package: fontenc 2025/07/18 v2.1d Standard LaTeX package
LaTeX Font Info:    Trying to load font information for T1+lmr on input line 116.
 (/mnt/mydata/yh/liming/workspace/texlive/texmf-dist/tex/latex/lm/t1lmr.fd
File: t1lmr.fd 2015/05/01 v1.6.1 Font defs for Latin Modern
)) (/mnt/mydata/yh/liming/workspace/texlive/texmf-dist/tex/latex/lm/lmodern.sty
Package: lmodern 2015/05/01 v1.6.1 Latin Modern Fonts
LaTeX Font Info:    Overwriting symbol font `operators' in version `normal'
(Font)                  OT1/cmr/m/n --> OT1/lmr/m/n on input line 22.
LaTeX Font Info:    Overwriting symbol font `letters' in version `normal'
(Font)                  OML/cmm/m/it --> OML/lmm/m/it on input line 23.
LaTeX Font Info:    Overwriting symbol font `symbols' in version `normal'
(Font)                  OMS/cmsy/m/n --> OMS/lmsy/m/n on input line 24.
LaTeX Font Info:    Overwriting symbol font `largesymbols' in version `normal'
(Font)                  OMX/cmex/m/n --> OMX/lmex/m/n on input line 25.
LaTeX Font Info:    Overwriting symbol font `operators' in version `bold'
(Font)                  OT1/cmr/bx/n --> OT1/lmr/bx/n on input line 26.
LaTeX Font Info:    Overwriting symbol font `letters' in version `bold'
(Font)                  OML/cmm/b/it --> OML/lmm/b/it on input line 27.
LaTeX Font Info:    Overwriting symbol font `symbols' in version `bold'
(Font)                  OMS/cmsy/b/n --> OMS/lmsy/b/n on input line 28.
LaTeX Font Info:    Overwriting symbol font `largesymbols' in version `bold'
(Font)                  OMX/cmex/m/n --> OMX/lmex/m/n on input line 29.
LaTeX Font Info:    Overwriting math alphabet `\mathbf' in version `normal'
(Font)                  OT1/cmr/bx/n --> OT1/lmr/bx/n on input line 31.
LaTeX Font Info:    Overwriting math alphabet `\mathsf' in version `normal'
(Font)                  OT1/cmss/m/n --> OT1/lmss/m/n on input line 32.
LaTeX Font Info:    Overwriting math alphabet `\mathit' in version `normal'
(Font)                  OT1/cmr/m/it --> OT1/lmr/m/it on input line 33.
LaTeX Font Info:    Overwriting math alphabet `\mathtt' in version `normal'
(Font)                  OT1/cmtt/m/n --> OT1/lmtt/m/n on input line 34.
LaTeX Font Info:    Overwriting math alphabet `\mathbf' in version `bold'
(Font)                  OT1/cmr/bx/n --> OT1/lmr/bx/n on input line 35.
LaTeX Font Info:    Overwriting math alphabet `\mathsf' in version `bold'
(Font)                  OT1/cmss/bx/n --> OT1/lmss/bx/n on input line 36.
LaTeX Font Info:    Overwriting math alphabet `\mathit' in version `bold'
(Font)                  OT1/cmr/bx/it --> OT1/lmr/bx/it on input line 37.
LaTeX Font Info:    Overwriting math alphabet `\mathtt' in version `bold'
(Font)                  OT1/cmtt/m/n --> OT1/lmtt/m/n on input line 38.
) (/mnt/mydata/yh/liming/workspace/texlive/texmf-dist/tex/latex/anyfontsize/anyfontsize.sty
Invalid UTF-8 byte or sequence at line 3 replaced by U+FFFD.
Invalid UTF-8 byte or sequence at line 3 replaced by U+FFFD.
Package: anyfontsize 2007/11/22 anyfontsize.sty by pts
) (/mnt/mydata/yh/liming/workspace/texlive/texmf-dist/tex/latex/jknapltx/mathrsfs.sty
Package: mathrsfs 1996/01/01 Math RSFS package v1.0 (jk)
\symrsfs=\mathgroup5
) (/mnt/mydata/yh/liming/workspace/texlive/texmf-dist/tex/latex/amsfonts/amsfonts.sty
Package: amsfonts 2013/01/14 v3.01 Basic AMSFonts support
\symAMSa=\mathgroup6
\symAMSb=\mathgroup7
LaTeX Font Info:    Redeclaring math symbol \hbar on input line 98.
) (/mnt/mydata/yh/liming/workspace/texlive/texmf-dist/tex/latex/ctex/ctex.sty
Package: ctex 2022/07/14 v2.5.10 Chinese adapter in LaTeX (CTEX)
 (/mnt/mydata/yh/liming/workspace/texlive/texmf-dist/tex/latex/ctex/ctexpatch.sty
Package: ctexpatch 2022/07/14 v2.5.10 Patching commands (CTEX)
)
\l__ctex_tmp_int=\count414
\l__ctex_tmp_box=\box81
\l__ctex_tmp_dim=\dimen303
\g__ctex_section_depth_int=\count415
\g__ctex_font_size_int=\count416
 (/mnt/mydata/yh/liming/workspace/texlive/texmf-dist/tex/latex/ctex/config/ctexopts.cfg
File: ctexopts.cfg 2022/07/14 v2.5.10 Option configuration file (CTEX)
) (/mnt/mydata/yh/liming/workspace/texlive/texmf-dist/tex/latex/ctex/engine/ctex-engine-xetex.def
File: ctex-engine-xetex.def 2022/07/14 v2.5.10 XeLaTeX adapter (CTEX)
\ccwd=\dimen304
\l__ctex_ccglue_skip=\skip85
)
\l__ctex_ziju_dim=\dimen305
 (/mnt/mydata/yh/liming/workspace/texlive/texmf-dist/tex/latex/ctex/scheme/ctex-scheme-chinese.def
File: ctex-scheme-chinese.def 2022/07/14 v2.5.10 Chinese scheme for generic (CTEX)
 (/mnt/mydata/yh/liming/workspace/texlive/texmf-dist/tex/latex/ctex/config/ctex-name-utf8.cfg
File: ctex-name-utf8.cfg 2022/07/14 v2.5.10 Caption with encoding UTF-8 (CTEX)
)) (/mnt/mydata/yh/liming/workspace/texlive/texmf-dist/tex/latex/ctex/fontset/ctex-fontset-fandol.def
File: ctex-fontset-fandol.def 2022/07/14 v2.5.10 Fandol fonts definition (CTEX)

Package fontspec Info: 
(fontspec)             Script 'CJK' not explicitly supported within font
(fontspec)             'FandolSong-Regular'. Check the typeset output, and if
(fontspec)             it is okay then ignore this warning. Otherwise a
(fontspec)             different font should be chosen.


Package fontspec Info: 
(fontspec)             Font family 'FandolSong-Regular(0)' created for font
(fontspec)             'FandolSong-Regular' with options
(fontspec)             [Script={CJK},Extension={.otf},BoldFont={FandolSong-Bold},ItalicFont={FandolKai-Regular}].
(fontspec)              
(fontspec)              This font family consists of the following NFSS
(fontspec)             series/shapes:
(fontspec)              
(fontspec)             - 'normal' (m/n) with NFSS spec.:
(fontspec)             <->"[FandolSong-Regular.otf]/OT:script=hani;language=dflt;"
(fontspec)             - 'bold' (b/n) with NFSS spec.:
(fontspec)             <->"[FandolSong-Bold.otf]/OT:script=hani;language=dflt;"
(fontspec)             - 'italic' (m/it) with NFSS spec.:
(fontspec)             <->"[FandolKai-Regular.otf]/OT:script=hani;language=dflt;"

)) (/mnt/mydata/yh/liming/workspace/texlive/texmf-dist/tex/latex/ctex/config/ctex.cfg
File: ctex.cfg 2022/07/14 v2.5.10 Configuration file (CTEX)
) (/mnt/mydata/yh/liming/workspace/texlive/texmf-dist/tex/latex/ifplatform/ifplatform.sty
Package: ifplatform 2017/10/13 v0.4a Testing for the operating system
 (/mnt/mydata/yh/liming/workspace/texlive/texmf-dist/tex/latex/tools/shellesc.sty
Package: shellesc 2023/07/08 v1.0d unified shell escape interface for LaTeX
Package shellesc Info: Unrestricted shell escape enabled on input line 75.
) (/mnt/mydata/yh/liming/workspace/texlive/texmf-dist/tex/generic/catchfile/catchfile.sty
Package: catchfile 2019/12/09 v1.8 Catch the contents of a file (HO)
 (/mnt/mydata/yh/liming/workspace/texlive/texmf-dist/tex/generic/etexcmds/etexcmds.sty
Package: etexcmds 2019/12/15 v1.7 Avoid name clashes with e-TeX commands (HO)
)) (/mnt/mydata/yh/liming/workspace/texlive/texmf-dist/tex/generic/iftex/ifluatex.sty
Package: ifluatex 2019/10/25 v1.5 ifluatex legacy package. Use iftex instead.
)
runsystem(uname -s > "main.w18")...executed.

 (./main.w18)
runsystem(rm -- "main.w18")...executed.

)

Package xeCJK Warning: Redefining CJKfamily `\CJKrmdefault'
(xeCJK)                (FandolSong-Regular(0)).


Package fontspec Info: 
(fontspec)             Script 'CJK' not explicitly supported within font
(fontspec)             'FandolSong'. Check the typeset output, and if it is
(fontspec)             okay then ignore this warning. Otherwise a different
(fontspec)             font should be chosen.


Package fontspec Info: 
(fontspec)             Could not resolve font "FandolSong/I" (it probably
(fontspec)             doesn't exist).


Package fontspec Info: 
(fontspec)             Could not resolve font "FandolSong/I" (it probably
(fontspec)             doesn't exist).


Package fontspec Info: 
(fontspec)             Font family 'FandolSong(0)' created for font
(fontspec)             'FandolSong' with options
(fontspec)             [Script={CJK},AutoFakeBold={4}].
(fontspec)              
(fontspec)              This font family consists of the following NFSS
(fontspec)             series/shapes:
(fontspec)              
(fontspec)             - 'normal' (m/n) with NFSS spec.:
(fontspec)             <->"FandolSong/OT:script=hani;language=dflt;"
(fontspec)             - 'bold' (b/n) with NFSS spec.:
(fontspec)             <->"FandolSong/OT:script=hani;language=dflt;embolden=4;"
(fontspec)             - 'bold italic' (b/it) with NFSS spec.:
(fontspec)             <->"FandolSong/BI/OT:script=hani;language=dflt;"


Package fontspec Info: 
(fontspec)             Could not resolve font "FandolHei/I" (it probably
(fontspec)             doesn't exist).


Package fontspec Info: 
(fontspec)             Font family 'FandolHei(0)' created for font 'FandolHei'
(fontspec)             with options [].
(fontspec)              
(fontspec)              This font family consists of the following NFSS
(fontspec)             series/shapes:
(fontspec)              
(fontspec)             - 'normal' (m/n) with NFSS spec.:
(fontspec)             <->"FandolHei/OT:language=dflt;"
(fontspec)             - 'bold' (b/n) with NFSS spec.:
(fontspec)             <->"FandolHei/B/OT:language=dflt;"
(fontspec)             - 'bold italic' (b/it) with NFSS spec.:
(fontspec)             <->"FandolHei/BI/OT:language=dflt;"


Package fontspec Info: 
(fontspec)             Could not resolve font "FandolSong/I" (it probably
(fontspec)             doesn't exist).


Package fontspec Info: 
(fontspec)             Font family 'FandolSong(1)' created for font
(fontspec)             'FandolSong' with options [].
(fontspec)              
(fontspec)              This font family consists of the following NFSS
(fontspec)             series/shapes:
(fontspec)              
(fontspec)             - 'normal' (m/n) with NFSS spec.:
(fontspec)             <->"FandolSong/OT:language=dflt;"
(fontspec)             - 'bold' (b/n) with NFSS spec.:
(fontspec)             <->"FandolSong/B/OT:language=dflt;"
(fontspec)             - 'bold italic' (b/it) with NFSS spec.:
(fontspec)             <->"FandolSong/BI/OT:language=dflt;"


Package fontspec Info: 
(fontspec)             Font family 'XITS(0)' created for font 'XITS' with
(fontspec)             options [Ligatures=TeX].
(fontspec)              
(fontspec)              This font family consists of the following NFSS
(fontspec)             series/shapes:
(fontspec)              
(fontspec)             - 'normal' (m/n) with NFSS spec.:
(fontspec)             <->"XITS/OT:script=latn;language=dflt;mapping=tex-text;"
(fontspec)             - 'small caps'  (m/sc) with NFSS spec.:
(fontspec)             <->"XITS/OT:script=latn;language=dflt;+smcp;mapping=tex-text;"
(fontspec)             - 'bold' (b/n) with NFSS spec.:
(fontspec)             <->"XITS/B/OT:script=latn;language=dflt;mapping=tex-text;"
(fontspec)             - 'italic' (m/it) with NFSS spec.:
(fontspec)             <->"XITS/I/OT:script=latn;language=dflt;mapping=tex-text;"
(fontspec)             - 'bold italic' (b/it) with NFSS spec.:
(fontspec)             <->"XITS/BI/OT:script=latn;language=dflt;mapping=tex-text;"


Package fontspec Info: 
(fontspec)             Font family 'XITS(1)' created for font 'XITS' with
(fontspec)             options [].
(fontspec)              
(fontspec)              This font family consists of the following NFSS
(fontspec)             series/shapes:
(fontspec)              
(fontspec)             - 'normal' (m/n) with NFSS spec.:
(fontspec)             <->"XITS/OT:script=latn;language=dflt;"
(fontspec)             - 'small caps'  (m/sc) with NFSS spec.:
(fontspec)             <->"XITS/OT:script=latn;language=dflt;+smcp;"
(fontspec)             - 'bold' (b/n) with NFSS spec.:
(fontspec)             <->"XITS/B/OT:script=latn;language=dflt;"
(fontspec)             - 'italic' (m/it) with NFSS spec.:
(fontspec)             <->"XITS/I/OT:script=latn;language=dflt;"
(fontspec)             - 'bold italic' (b/it) with NFSS spec.:
(fontspec)             <->"XITS/BI/OT:script=latn;language=dflt;"

LaTeX Font Info:    Overwriting math alphabet `\mathrm' in version `normal'
(Font)                  OT1/lmr/m/n --> TU/XITS(1)/m/n on input line 290.
LaTeX Font Info:    Overwriting math alphabet `\mathit' in version `normal'
(Font)                  OT1/lmr/m/it --> TU/XITS(1)/m/it on input line 290.
LaTeX Font Info:    Overwriting math alphabet `\mathbf' in version `normal'
(Font)                  OT1/lmr/bx/n --> TU/XITS(1)/b/n on input line 290.

Package fontspec Info: 
(fontspec)             Font family 'XITSMath(0)' created for font 'XITS Math'
(fontspec)             with options
(fontspec)             [BoldItalicFont={},ItalicFont={},SmallCapsFont={},Script=Math].
(fontspec)              
(fontspec)              This font family consists of the following NFSS
(fontspec)             series/shapes:
(fontspec)              
(fontspec)             - 'normal' (m/n) with NFSS spec.: <->"XITS
(fontspec)             Math/OT:script=math;language=dflt;"
(fontspec)             - 'bold' (b/n) with NFSS spec.: <->"XITS
(fontspec)             Math/B/OT:script=math;language=dflt;"


Package fontspec Info: 
(fontspec)             Font family 'XITSMath(1)' created for font 'XITS Math'
(fontspec)             with options
(fontspec)             [BoldItalicFont={},ItalicFont={},SmallCapsFont={},Script=Math,SizeFeatures={{Size=10.5-},{Size=8.1-10.5,Font=XITS
(fontspec)             Math,Style=MathScript},{Size=-8.1,Font=XITS
(fontspec)             Math,Style=MathScriptScript}}].
(fontspec)              
(fontspec)              This font family consists of the following NFSS
(fontspec)             series/shapes:
(fontspec)              
(fontspec)             - 'normal' (m/n) with NFSS spec.: <10.5->"XITS
(fontspec)             Math/OT:script=math;language=dflt;"<8.1-10.5>"XITS
(fontspec)             Math/OT:script=math;language=dflt;+ssty=0;"<-8.1>"XITS
(fontspec)             Math/OT:script=math;language=dflt;+ssty=1;"
(fontspec)             - 'bold' (b/n) with NFSS spec.: <->"XITS
(fontspec)             Math/B/OT:script=math;language=dflt;"

LaTeX Font Info:    Encoding `OT1' has changed to `TU' for symbol font
(Font)              `operators' in the math version `normal' on input line 291.
LaTeX Font Info:    Overwriting symbol font `operators' in version `normal'
(Font)                  OT1/lmr/m/n --> TU/XITSMath(1)/m/n on input line 291.
LaTeX Font Info:    Encoding `OT1' has changed to `TU' for symbol font
(Font)              `operators' in the math version `bold' on input line 291.
LaTeX Font Info:    Overwriting symbol font `operators' in version `bold'
(Font)                  OT1/lmr/bx/n --> TU/XITSMath(1)/b/n on input line 291.

Package fontspec Info: 
(fontspec)             XITS Math scale = 1.0001.


Package fontspec Info: 
(fontspec)             XITS Math scale = 1.0001.


Package fontspec Info: 
(fontspec)             XITS Math scale = 1.0001.


Package fontspec Info: 
(fontspec)             XITS Math scale = 1.0001.


Package fontspec Info: 
(fontspec)             XITS Math/B scale = 1.0001.


Package fontspec Info: 
(fontspec)             Font family 'XITSMath(2)' created for font 'XITS Math'
(fontspec)             with options
(fontspec)             [BoldItalicFont={},ItalicFont={},SmallCapsFont={},Script=Math,SizeFeatures={{Size=10.5-},{Size=8.1-10.5,Font=XITS
(fontspec)             Math,Style=MathScript},{Size=-8.1,Font=XITS
(fontspec)             Math,Style=MathScriptScript}},ScaleAgain=1.0001,FontAdjustment={\fontdimen
(fontspec)             8\font =6.96pt\relax \fontdimen 9\font =5.76pt\relax
(fontspec)             \fontdimen 10\font =5.76pt\relax \fontdimen 11\font
(fontspec)             =8.4pt\relax \fontdimen 12\font =5.76pt\relax
(fontspec)             \fontdimen 13\font =4.8pt\relax \fontdimen 14\font
(fontspec)             =4.8pt\relax \fontdimen 15\font =3.3pt\relax \fontdimen
(fontspec)             16\font =3.0pt\relax \fontdimen 17\font =3.0pt\relax
(fontspec)             \fontdimen 18\font =4.5pt\relax \fontdimen 19\font
(fontspec)             =0.6pt\relax \fontdimen 22\font =3.0pt\relax \fontdimen
(fontspec)             20\font =0pt\relax \fontdimen 21\font =0pt\relax }].
(fontspec)              
(fontspec)              This font family consists of the following NFSS
(fontspec)             series/shapes:
(fontspec)              
(fontspec)             - 'normal' (m/n) with NFSS spec.:
(fontspec)             <10.5->s*[1.0001]"XITS
(fontspec)             Math/OT:script=math;language=dflt;"<8.1-10.5>s*[1.0001]"XITS
(fontspec)             Math/OT:script=math;language=dflt;+ssty=0;"<-8.1>s*[1.0001]"XITS
(fontspec)             Math/OT:script=math;language=dflt;+ssty=1;"
(fontspec)             - 'bold' (b/n) with NFSS spec.: <->s*[1.0001]"XITS
(fontspec)             Math/B/OT:script=math;language=dflt;"

LaTeX Font Info:    Encoding `OMS' has changed to `TU' for symbol font
(Font)              `symbols' in the math version `normal' on input line 291.
LaTeX Font Info:    Overwriting symbol font `symbols' in version `normal'
(Font)                  OMS/lmsy/m/n --> TU/XITSMath(2)/m/n on input line 291.
LaTeX Font Info:    Encoding `OMS' has changed to `TU' for symbol font
(Font)              `symbols' in the math version `bold' on input line 291.
LaTeX Font Info:    Overwriting symbol font `symbols' in version `bold'
(Font)                  OMS/lmsy/b/n --> TU/XITSMath(2)/b/n on input line 291.

Package fontspec Info: 
(fontspec)             XITS Math scale = 0.9999.


Package fontspec Info: 
(fontspec)             XITS Math scale = 0.9999.


Package fontspec Info: 
(fontspec)             XITS Math scale = 0.9999.


Package fontspec Info: 
(fontspec)             XITS Math scale = 0.9999.


Package fontspec Info: 
(fontspec)             XITS Math/B scale = 0.9999.


Package fontspec Info: 
(fontspec)             Font family 'XITSMath(3)' created for font 'XITS Math'
(fontspec)             with options
(fontspec)             [BoldItalicFont={},ItalicFont={},SmallCapsFont={},Script=Math,SizeFeatures={{Size=10.5-},{Size=8.1-10.5,Font=XITS
(fontspec)             Math,Style=MathScript},{Size=-8.1,Font=XITS
(fontspec)             Math,Style=MathScriptScript}},ScaleAgain=0.9999,FontAdjustment={\fontdimen
(fontspec)             8\font =0.792pt\relax \fontdimen 9\font =1.8pt\relax
(fontspec)             \fontdimen 10\font =1.8pt\relax \fontdimen 11\font
(fontspec)             =3.6pt\relax \fontdimen 12\font =7.2pt\relax \fontdimen
(fontspec)             13\font =0pt\relax }].
(fontspec)              
(fontspec)              This font family consists of the following NFSS
(fontspec)             series/shapes:
(fontspec)              
(fontspec)             - 'normal' (m/n) with NFSS spec.:
(fontspec)             <10.5->s*[0.9999]"XITS
(fontspec)             Math/OT:script=math;language=dflt;"<8.1-10.5>s*[0.9999]"XITS
(fontspec)             Math/OT:script=math;language=dflt;+ssty=0;"<-8.1>s*[0.9999]"XITS
(fontspec)             Math/OT:script=math;language=dflt;+ssty=1;"
(fontspec)             - 'bold' (b/n) with NFSS spec.: <->s*[0.9999]"XITS
(fontspec)             Math/B/OT:script=math;language=dflt;"

LaTeX Font Info:    Encoding `OMX' has changed to `TU' for symbol font
(Font)              `largesymbols' in the math version `normal' on input line 291.
LaTeX Font Info:    Overwriting symbol font `largesymbols' in version `normal'
(Font)                  OMX/lmex/m/n --> TU/XITSMath(3)/m/n on input line 291.
LaTeX Font Info:    Encoding `OMX' has changed to `TU' for symbol font
(Font)              `largesymbols' in the math version `bold' on input line 291.
LaTeX Font Info:    Overwriting symbol font `largesymbols' in version `bold'
(Font)                  OMX/lmex/m/n --> TU/XITSMath(3)/b/n on input line 291.

Package fontspec Info: 
(fontspec)             Font family 'XITSMath(4)' created for font 'XITS Math'
(fontspec)             with options
(fontspec)             [BoldItalicFont={},ItalicFont={},SmallCapsFont={},Script=Math,SizeFeatures={{Size=10.5-},{Size=8.1-10.5,Font=XITS
(fontspec)             Math,Style=MathScript},{Size=-8.1,Font=XITS
(fontspec)             Math,Style=MathScriptScript}},StylisticSet={1}].
(fontspec)              
(fontspec)              This font family consists of the following NFSS
(fontspec)             series/shapes:
(fontspec)              
(fontspec)             - 'normal' (m/n) with NFSS spec.: <10.5->"XITS
(fontspec)             Math/OT:script=math;language=dflt;+ss01;"<8.1-10.5>"XITS
(fontspec)             Math/OT:script=math;language=dflt;+ss01;+ssty=0;"<-8.1>"XITS
(fontspec)             Math/OT:script=math;language=dflt;+ss01;+ssty=1;"
(fontspec)             - 'bold' (b/n) with NFSS spec.: <->"XITS
(fontspec)             Math/B/OT:script=math;language=dflt;+ss01;"

\sym__um_fam1=\mathgroup8
LaTeX Font Info:    Overwriting symbol font `__um_fam1' in version `normal'
(Font)                  TU/XITSMath(4)/m/n --> TU/XITSMath(4)/m/n on input line 292.
LaTeX Font Info:    Overwriting symbol font `__um_fam1' in version `bold'
(Font)                  TU/XITSMath(4)/m/n --> TU/XITSMath(4)/b/n on input line 292.
(/mnt/mydata/yh/liming/workspace/texlive/texmf-dist/tex/latex/pgf/frontendlayer/tikz.sty (/mnt/mydata/yh/liming/workspace/texlive/texmf-dist/tex/latex/pgf/basiclayer/pgf.sty (/mnt/mydata/yh/liming/workspace/texlive/texmf-dist/tex/latex/pgf/utilities/pgfrcs.sty (/mnt/mydata/yh/liming/workspace/texlive/texmf-dist/tex/generic/pgf/utilities/pgfutil-common.tex
\pgfutil@everybye=\toks50
\pgfutil@tempdima=\dimen306
\pgfutil@tempdimb=\dimen307
) (/mnt/mydata/yh/liming/workspace/texlive/texmf-dist/tex/generic/pgf/utilities/pgfutil-latex.def
\pgfutil@abb=\box82
) (/mnt/mydata/yh/liming/workspace/texlive/texmf-dist/tex/generic/pgf/utilities/pgfrcs.code.tex (/mnt/mydata/yh/liming/workspace/texlive/texmf-dist/tex/generic/pgf/pgf.revision.tex)
Package: pgfrcs 2025-08-29 v3.1.11a (3.1.11a)
))
Package: pgf 2025-08-29 v3.1.11a (3.1.11a)
 (/mnt/mydata/yh/liming/workspace/texlive/texmf-dist/tex/latex/pgf/basiclayer/pgfcore.sty (/mnt/mydata/yh/liming/workspace/texlive/texmf-dist/tex/latex/pgf/systemlayer/pgfsys.sty (/mnt/mydata/yh/liming/workspace/texlive/texmf-dist/tex/generic/pgf/systemlayer/pgfsys.code.tex
Package: pgfsys 2025-08-29 v3.1.11a (3.1.11a)
 (/mnt/mydata/yh/liming/workspace/texlive/texmf-dist/tex/generic/pgf/utilities/pgfkeys.code.tex
\pgfkeys@pathtoks=\toks51
\pgfkeys@temptoks=\toks52
 (/mnt/mydata/yh/liming/workspace/texlive/texmf-dist/tex/generic/pgf/utilities/pgfkeyslibraryfiltered.code.tex
\pgfkeys@tmptoks=\toks53
))
\pgf@x=\dimen308
\pgf@y=\dimen309
\pgf@xa=\dimen310
\pgf@ya=\dimen311
\pgf@xb=\dimen312
\pgf@yb=\dimen313
\pgf@xc=\dimen314
\pgf@yc=\dimen315
\pgf@xd=\dimen316
\pgf@yd=\dimen317
\w@pgf@writea=\write3
\r@pgf@reada=\read2
\c@pgf@counta=\count417
\c@pgf@countb=\count418
\c@pgf@countc=\count419
\c@pgf@countd=\count420
\t@pgf@toka=\toks54
\t@pgf@tokb=\toks55
\t@pgf@tokc=\toks56
\pgf@sys@id@count=\count421
 (/mnt/mydata/yh/liming/workspace/texlive/texmf-dist/tex/generic/pgf/systemlayer/pgf.cfg
File: pgf.cfg 2025-08-29 v3.1.11a (3.1.11a)
)
Driver file for pgf: pgfsys-xetex.def
 (/mnt/mydata/yh/liming/workspace/texlive/texmf-dist/tex/generic/pgf/systemlayer/pgfsys-xetex.def
File: pgfsys-xetex.def 2025-08-29 v3.1.11a (3.1.11a)
 (/mnt/mydata/yh/liming/workspace/texlive/texmf-dist/tex/generic/pgf/systemlayer/pgfsys-dvipdfmx.def
File: pgfsys-dvipdfmx.def 2025-08-29 v3.1.11a (3.1.11a)
 (/mnt/mydata/yh/liming/workspace/texlive/texmf-dist/tex/generic/pgf/systemlayer/pgfsys-common-pdf.def
File: pgfsys-common-pdf.def 2025-08-29 v3.1.11a (3.1.11a)
)
\pgfsys@objnum=\count422
))) (/mnt/mydata/yh/liming/workspace/texlive/texmf-dist/tex/generic/pgf/systemlayer/pgfsyssoftpath.code.tex
File: pgfsyssoftpath.code.tex 2025-08-29 v3.1.11a (3.1.11a)
\pgfsyssoftpath@smallbuffer@items=\count423
\pgfsyssoftpath@bigbuffer@items=\count424
) (/mnt/mydata/yh/liming/workspace/texlive/texmf-dist/tex/generic/pgf/systemlayer/pgfsysprotocol.code.tex
File: pgfsysprotocol.code.tex 2025-08-29 v3.1.11a (3.1.11a)
)) (/mnt/mydata/yh/liming/workspace/texlive/texmf-dist/tex/generic/pgf/basiclayer/pgfcore.code.tex
Package: pgfcore 2025-08-29 v3.1.11a (3.1.11a)
 (/mnt/mydata/yh/liming/workspace/texlive/texmf-dist/tex/generic/pgf/math/pgfmath.code.tex (/mnt/mydata/yh/liming/workspace/texlive/texmf-dist/tex/generic/pgf/math/pgfmathutil.code.tex) (/mnt/mydata/yh/liming/workspace/texlive/texmf-dist/tex/generic/pgf/math/pgfmathparser.code.tex
\pgfmath@dimen=\dimen318
\pgfmath@count=\count425
\pgfmath@box=\box83
\pgfmath@toks=\toks57
\pgfmath@stack@operand=\toks58
\pgfmath@stack@operation=\toks59
) (/mnt/mydata/yh/liming/workspace/texlive/texmf-dist/tex/generic/pgf/math/pgfmathfunctions.code.tex) (/mnt/mydata/yh/liming/workspace/texlive/texmf-dist/tex/generic/pgf/math/pgfmathfunctions.basic.code.tex) (/mnt/mydata/yh/liming/workspace/texlive/texmf-dist/tex/generic/pgf/math/pgfmathfunctions.trigonometric.code.tex) (/mnt/mydata/yh/liming/workspace/texlive/texmf-dist/tex/generic/pgf/math/pgfmathfunctions.random.code.tex) (/mnt/mydata/yh/liming/workspace/texlive/texmf-dist/tex/generic/pgf/math/pgfmathfunctions.comparison.code.tex) (/mnt/mydata/yh/liming/workspace/texlive/texmf-dist/tex/generic/pgf/math/pgfmathfunctions.base.code.tex) (/mnt/mydata/yh/liming/workspace/texlive/texmf-dist/tex/generic/pgf/math/pgfmathfunctions.round.code.tex) (/mnt/mydata/yh/liming/workspace/texlive/texmf-dist/tex/generic/pgf/math/pgfmathfunctions.misc.code.tex) (/mnt/mydata/yh/liming/workspace/texlive/texmf-dist/tex/generic/pgf/math/pgfmathfunctions.integerarithmetics.code.tex) (/mnt/mydata/yh/liming/workspace/texlive/texmf-dist/tex/generic/pgf/math/pgfmathcalc.code.tex) (/mnt/mydata/yh/liming/workspace/texlive/texmf-dist/tex/generic/pgf/math/pgfmathfloat.code.tex
\c@pgfmathroundto@lastzeros=\count426
)) (/mnt/mydata/yh/liming/workspace/texlive/texmf-dist/tex/generic/pgf/math/pgfint.code.tex) (/mnt/mydata/yh/liming/workspace/texlive/texmf-dist/tex/generic/pgf/basiclayer/pgfcorepoints.code.tex
File: pgfcorepoints.code.tex 2025-08-29 v3.1.11a (3.1.11a)
\pgf@picminx=\dimen319
\pgf@picmaxx=\dimen320
\pgf@picminy=\dimen321
\pgf@picmaxy=\dimen322
\pgf@pathminx=\dimen323
\pgf@pathmaxx=\dimen324
\pgf@pathminy=\dimen325
\pgf@pathmaxy=\dimen326
\pgf@xx=\dimen327
\pgf@xy=\dimen328
\pgf@yx=\dimen329
\pgf@yy=\dimen330
\pgf@zx=\dimen331
\pgf@zy=\dimen332
) (/mnt/mydata/yh/liming/workspace/texlive/texmf-dist/tex/generic/pgf/basiclayer/pgfcorepathconstruct.code.tex
File: pgfcorepathconstruct.code.tex 2025-08-29 v3.1.11a (3.1.11a)
\pgf@path@lastx=\dimen333
\pgf@path@lasty=\dimen334
) (/mnt/mydata/yh/liming/workspace/texlive/texmf-dist/tex/generic/pgf/basiclayer/pgfcorepathusage.code.tex
File: pgfcorepathusage.code.tex 2025-08-29 v3.1.11a (3.1.11a)
\pgf@shorten@end@additional=\dimen335
\pgf@shorten@start@additional=\dimen336
) (/mnt/mydata/yh/liming/workspace/texlive/texmf-dist/tex/generic/pgf/basiclayer/pgfcorescopes.code.tex
File: pgfcorescopes.code.tex 2025-08-29 v3.1.11a (3.1.11a)
\pgfpic=\box84
\pgf@hbox=\box85
\pgf@layerbox@main=\box86
\pgf@picture@serial@count=\count427
) (/mnt/mydata/yh/liming/workspace/texlive/texmf-dist/tex/generic/pgf/basiclayer/pgfcoregraphicstate.code.tex
File: pgfcoregraphicstate.code.tex 2025-08-29 v3.1.11a (3.1.11a)
\pgflinewidth=\dimen337
) (/mnt/mydata/yh/liming/workspace/texlive/texmf-dist/tex/generic/pgf/basiclayer/pgfcoretransformations.code.tex
File: pgfcoretransformations.code.tex 2025-08-29 v3.1.11a (3.1.11a)
\pgf@pt@x=\dimen338
\pgf@pt@y=\dimen339
\pgf@pt@temp=\dimen340
) (/mnt/mydata/yh/liming/workspace/texlive/texmf-dist/tex/generic/pgf/basiclayer/pgfcorequick.code.tex
File: pgfcorequick.code.tex 2025-08-29 v3.1.11a (3.1.11a)
) (/mnt/mydata/yh/liming/workspace/texlive/texmf-dist/tex/generic/pgf/basiclayer/pgfcoreobjects.code.tex
File: pgfcoreobjects.code.tex 2025-08-29 v3.1.11a (3.1.11a)
) (/mnt/mydata/yh/liming/workspace/texlive/texmf-dist/tex/generic/pgf/basiclayer/pgfcorepathprocessing.code.tex
File: pgfcorepathprocessing.code.tex 2025-08-29 v3.1.11a (3.1.11a)
) (/mnt/mydata/yh/liming/workspace/texlive/texmf-dist/tex/generic/pgf/basiclayer/pgfcorearrows.code.tex
File: pgfcorearrows.code.tex 2025-08-29 v3.1.11a (3.1.11a)
\pgfarrowsep=\dimen341
) (/mnt/mydata/yh/liming/workspace/texlive/texmf-dist/tex/generic/pgf/basiclayer/pgfcoreshade.code.tex
File: pgfcoreshade.code.tex 2025-08-29 v3.1.11a (3.1.11a)
\pgf@max=\dimen342
\pgf@sys@shading@range@num=\count428
\pgf@shadingcount=\count429
) (/mnt/mydata/yh/liming/workspace/texlive/texmf-dist/tex/generic/pgf/basiclayer/pgfcoreimage.code.tex
File: pgfcoreimage.code.tex 2025-08-29 v3.1.11a (3.1.11a)
) (/mnt/mydata/yh/liming/workspace/texlive/texmf-dist/tex/generic/pgf/basiclayer/pgfcoreexternal.code.tex
File: pgfcoreexternal.code.tex 2025-08-29 v3.1.11a (3.1.11a)
\pgfexternal@startupbox=\box87
) (/mnt/mydata/yh/liming/workspace/texlive/texmf-dist/tex/generic/pgf/basiclayer/pgfcorelayers.code.tex
File: pgfcorelayers.code.tex 2025-08-29 v3.1.11a (3.1.11a)
) (/mnt/mydata/yh/liming/workspace/texlive/texmf-dist/tex/generic/pgf/basiclayer/pgfcoretransparency.code.tex
File: pgfcoretransparency.code.tex 2025-08-29 v3.1.11a (3.1.11a)
) (/mnt/mydata/yh/liming/workspace/texlive/texmf-dist/tex/generic/pgf/basiclayer/pgfcorepatterns.code.tex
File: pgfcorepatterns.code.tex 2025-08-29 v3.1.11a (3.1.11a)
) (/mnt/mydata/yh/liming/workspace/texlive/texmf-dist/tex/generic/pgf/basiclayer/pgfcorerdf.code.tex
File: pgfcorerdf.code.tex 2025-08-29 v3.1.11a (3.1.11a)
))) (/mnt/mydata/yh/liming/workspace/texlive/texmf-dist/tex/generic/pgf/modules/pgfmoduleshapes.code.tex
File: pgfmoduleshapes.code.tex 2025-08-29 v3.1.11a (3.1.11a)
\pgfnodeparttextbox=\box88
) (/mnt/mydata/yh/liming/workspace/texlive/texmf-dist/tex/generic/pgf/modules/pgfmoduleplot.code.tex
File: pgfmoduleplot.code.tex 2025-08-29 v3.1.11a (3.1.11a)
) (/mnt/mydata/yh/liming/workspace/texlive/texmf-dist/tex/latex/pgf/compatibility/pgfcomp-version-0-65.sty
Package: pgfcomp-version-0-65 2025-08-29 v3.1.11a (3.1.11a)
\pgf@nodesepstart=\dimen343
\pgf@nodesepend=\dimen344
) (/mnt/mydata/yh/liming/workspace/texlive/texmf-dist/tex/latex/pgf/compatibility/pgfcomp-version-1-18.sty
Package: pgfcomp-version-1-18 2025-08-29 v3.1.11a (3.1.11a)
)) (/mnt/mydata/yh/liming/workspace/texlive/texmf-dist/tex/latex/pgf/utilities/pgffor.sty (/mnt/mydata/yh/liming/workspace/texlive/texmf-dist/tex/latex/pgf/utilities/pgfkeys.sty (/mnt/mydata/yh/liming/workspace/texlive/texmf-dist/tex/generic/pgf/utilities/pgfkeys.code.tex)) (/mnt/mydata/yh/liming/workspace/texlive/texmf-dist/tex/latex/pgf/math/pgfmath.sty (/mnt/mydata/yh/liming/workspace/texlive/texmf-dist/tex/generic/pgf/math/pgfmath.code.tex)) (/mnt/mydata/yh/liming/workspace/texlive/texmf-dist/tex/generic/pgf/utilities/pgffor.code.tex
Package: pgffor 2025-08-29 v3.1.11a (3.1.11a)
\pgffor@iter=\dimen345
\pgffor@skip=\dimen346
\pgffor@stack=\toks60
\pgffor@toks=\toks61
)) (/mnt/mydata/yh/liming/workspace/texlive/texmf-dist/tex/generic/pgf/frontendlayer/tikz/tikz.code.tex
Package: tikz 2025-08-29 v3.1.11a (3.1.11a)
 (/mnt/mydata/yh/liming/workspace/texlive/texmf-dist/tex/generic/pgf/libraries/pgflibraryplothandlers.code.tex
File: pgflibraryplothandlers.code.tex 2025-08-29 v3.1.11a (3.1.11a)
\pgf@plot@mark@count=\count430
\pgfplotmarksize=\dimen347
)
\tikz@lastx=\dimen348
\tikz@lasty=\dimen349
\tikz@lastxsaved=\dimen350
\tikz@lastysaved=\dimen351
\tikz@lastmovetox=\dimen352
\tikz@lastmovetoy=\dimen353
\tikzleveldistance=\dimen354
\tikzsiblingdistance=\dimen355
\tikz@figbox=\box89
\tikz@figbox@bg=\box90
\tikz@tempbox=\box91
\tikz@tempbox@bg=\box92
\tikztreelevel=\count431
\tikznumberofchildren=\count432
\tikznumberofcurrentchild=\count433
\tikz@fig@count=\count434
 (/mnt/mydata/yh/liming/workspace/texlive/texmf-dist/tex/generic/pgf/modules/pgfmodulematrix.code.tex
File: pgfmodulematrix.code.tex 2025-08-29 v3.1.11a (3.1.11a)
\pgfmatrixcurrentrow=\count435
\pgfmatrixcurrentcolumn=\count436
\pgf@matrix@numberofcolumns=\count437
)
\tikz@expandcount=\count438
 (/mnt/mydata/yh/liming/workspace/texlive/texmf-dist/tex/generic/pgf/frontendlayer/tikz/libraries/tikzlibrarytopaths.code.tex
File: tikzlibrarytopaths.code.tex 2025-08-29 v3.1.11a (3.1.11a)
))) (/mnt/mydata/yh/liming/workspace/texlive/texmf-dist/tex/latex/tikz-3dplot/tikz-3dplot.sty (/mnt/mydata/yh/liming/workspace/texlive/texmf-dist/tex/generic/pgf/frontendlayer/tikz/libraries/tikzlibrarycalc.code.tex
File: tikzlibrarycalc.code.tex 2025-08-29 v3.1.11a (3.1.11a)
) (/mnt/mydata/yh/liming/workspace/texlive/texmf-dist/tex/generic/pgf/frontendlayer/tikz/libraries/tikzlibrary3d.code.tex
File: tikzlibrary3d.code.tex 2025-08-29 v3.1.11a (3.1.11a)
) (/mnt/mydata/yh/liming/workspace/texlive/texmf-dist/tex/generic/pgf/frontendlayer/tikz/libraries/tikzlibraryarrows.code.tex
File: tikzlibraryarrows.code.tex 2025-08-29 v3.1.11a (3.1.11a)
 (/mnt/mydata/yh/liming/workspace/texlive/texmf-dist/tex/generic/pgf/libraries/pgflibraryarrows.code.tex
File: pgflibraryarrows.code.tex 2025-08-29 v3.1.11a (3.1.11a)
\arrowsize=\dimen356
))) (/mnt/mydata/yh/liming/workspace/texlive/texmf-dist/tex/generic/pgf/frontendlayer/tikz/libraries/tikzlibraryshapes.code.tex
File: tikzlibraryshapes.code.tex 2025-08-29 v3.1.11a (3.1.11a)
 (/mnt/mydata/yh/liming/workspace/texlive/texmf-dist/tex/generic/pgf/frontendlayer/tikz/libraries/tikzlibraryshapes.geometric.code.tex
File: tikzlibraryshapes.geometric.code.tex 2025-08-29 v3.1.11a (3.1.11a)
 (/mnt/mydata/yh/liming/workspace/texlive/texmf-dist/tex/generic/pgf/libraries/shapes/pgflibraryshapes.geometric.code.tex
File: pgflibraryshapes.geometric.code.tex 2025-08-29 v3.1.11a (3.1.11a)
)) (/mnt/mydata/yh/liming/workspace/texlive/texmf-dist/tex/generic/pgf/frontendlayer/tikz/libraries/tikzlibraryshapes.misc.code.tex
File: tikzlibraryshapes.misc.code.tex 2025-08-29 v3.1.11a (3.1.11a)
 (/mnt/mydata/yh/liming/workspace/texlive/texmf-dist/tex/generic/pgf/libraries/shapes/pgflibraryshapes.misc.code.tex
File: pgflibraryshapes.misc.code.tex 2025-08-29 v3.1.11a (3.1.11a)
)) (/mnt/mydata/yh/liming/workspace/texlive/texmf-dist/tex/generic/pgf/frontendlayer/tikz/libraries/tikzlibraryshapes.symbols.code.tex
File: tikzlibraryshapes.symbols.code.tex 2025-08-29 v3.1.11a (3.1.11a)
 (/mnt/mydata/yh/liming/workspace/texlive/texmf-dist/tex/generic/pgf/libraries/shapes/pgflibraryshapes.symbols.code.tex
File: pgflibraryshapes.symbols.code.tex 2025-08-29 v3.1.11a (3.1.11a)
)) (/mnt/mydata/yh/liming/workspace/texlive/texmf-dist/tex/generic/pgf/frontendlayer/tikz/libraries/tikzlibraryshapes.arrows.code.tex
File: tikzlibraryshapes.arrows.code.tex 2025-08-29 v3.1.11a (3.1.11a)
 (/mnt/mydata/yh/liming/workspace/texlive/texmf-dist/tex/generic/pgf/libraries/shapes/pgflibraryshapes.arrows.code.tex
File: pgflibraryshapes.arrows.code.tex 2025-08-29 v3.1.11a (3.1.11a)
)) (/mnt/mydata/yh/liming/workspace/texlive/texmf-dist/tex/generic/pgf/frontendlayer/tikz/libraries/tikzlibraryshapes.callouts.code.tex (/mnt/mydata/yh/liming/workspace/texlive/texmf-dist/tex/generic/pgf/libraries/shapes/pgflibraryshapes.callouts.code.tex)) (/mnt/mydata/yh/liming/workspace/texlive/texmf-dist/tex/generic/pgf/frontendlayer/tikz/libraries/tikzlibraryshapes.multipart.code.tex
File: tikzlibraryshapes.multipart.code.tex 2025-08-29 v3.1.11a (3.1.11a)
 (/mnt/mydata/yh/liming/workspace/texlive/texmf-dist/tex/generic/pgf/libraries/shapes/pgflibraryshapes.multipart.code.tex
File: pgflibraryshapes.multipart.code.tex 2025-08-29 v3.1.11a (3.1.11a)
\pgfnodepartlowerbox=\box93
\pgfnodeparttwobox=\box94
\pgfnodepartthreebox=\box95
\pgfnodepartfourbox=\box96
\pgfnodeparttwentybox=\box97
\pgfnodepartnineteenbox=\box98
\pgfnodeparteighteenbox=\box99
\pgfnodepartseventeenbox=\box100
\pgfnodepartsixteenbox=\box101
\pgfnodepartfifteenbox=\box102
\pgfnodepartfourteenbox=\box103
\pgfnodepartthirteenbox=\box104
\pgfnodeparttwelvebox=\box105
\pgfnodepartelevenbox=\box106
\pgfnodeparttenbox=\box107
\pgfnodepartninebox=\box108
\pgfnodeparteightbox=\box109
\pgfnodepartsevenbox=\box110
\pgfnodepartsixbox=\box111
\pgfnodepartfivebox=\box112
))) (/mnt/mydata/yh/liming/workspace/texlive/texmf-dist/tex/generic/pgf/frontendlayer/tikz/libraries/tikzlibrarypositioning.code.tex
File: tikzlibrarypositioning.code.tex 2025-08-29 v3.1.11a (3.1.11a)
) (/mnt/mydata/yh/liming/workspace/texlive/texmf-dist/tex/latex/algorithms/algorithm.sty
Invalid UTF-8 byte or sequence at line 11 replaced by U+FFFD.
Package: algorithm 2009/08/24 v0.1 Document Style `algorithm' - floating environment
 (/mnt/mydata/yh/liming/workspace/texlive/texmf-dist/tex/latex/float/float.sty
Package: float 2001/11/08 v1.3d Float enhancements (AL)
\c@float@type=\count439
\float@exts=\toks62
\float@box=\box113
\@float@everytoks=\toks63
\@floatcapt=\box114
)
\@float@every@algorithm=\toks64
\c@algorithm=\count440
) (/mnt/mydata/yh/liming/workspace/texlive/texmf-dist/tex/latex/algorithmicx/algpseudocode.sty
Package: algpseudocode 
 (/mnt/mydata/yh/liming/workspace/texlive/texmf-dist/tex/latex/algorithmicx/algorithmicx.sty
Package: algorithmicx 2005/04/27 v1.2 Algorithmicx

Document Style algorithmicx 1.2 - a greatly improved `algorithmic' style
\c@ALG@line=\count441
\c@ALG@rem=\count442
\c@ALG@nested=\count443
\ALG@tlm=\skip86
\ALG@thistlm=\skip87
\c@ALG@Lnr=\count444
\c@ALG@blocknr=\count445
\c@ALG@storecount=\count446
\c@ALG@tmpcounter=\count447
\ALG@tmplength=\skip88
)
Document Style - pseudocode environments for use with the `algorithmicx' style
) (/mnt/mydata/yh/liming/workspace/texlive/texmf-dist/tex/latex/tcolorbox/tcolorbox.sty
Package: tcolorbox 2025/09/09 version 6.8.0 text color boxes
 (/mnt/mydata/yh/liming/workspace/texlive/texmf-dist/tex/latex/tools/verbatim.sty
Package: verbatim 2024-01-22 v1.5x LaTeX2e package for verbatim enhancements
\every@verbatim=\toks65
\verbatim@line=\toks66
\verbatim@in@stream=\read3
) (/mnt/mydata/yh/liming/workspace/texlive/texmf-dist/tex/latex/environ/environ.sty
Package: environ 2014/05/04 v0.3 A new way to define environments
 (/mnt/mydata/yh/liming/workspace/texlive/texmf-dist/tex/latex/trimspaces/trimspaces.sty
Package: trimspaces 2009/09/17 v1.1 Trim spaces around a token list
))
\tcb@titlebox=\box115
\tcb@upperbox=\box116
\tcb@lowerbox=\box117
\tcb@phantombox=\box118
\c@tcbbreakpart=\count448
\c@tcblayer=\count449
\c@tcolorbox@number=\count450
\l__tcobox_tmpa_box=\box119
\l__tcobox_tmpa_dim=\dimen357
\tcb@temp=\box120
\tcb@temp=\box121
\tcb@temp=\box122
\tcb@temp=\box123
) (/mnt/mydata/yh/liming/workspace/texlive/texmf-dist/tex/latex/tcolorbox/tcblistings.code.tex
Library (tcolorbox): 'tcblistings.code.tex' version '6.8.0'
(/mnt/mydata/yh/liming/workspace/texlive/texmf-dist/tex/latex/listings/listings.sty \lstset,
\lst@mode=\count451
 
new hook `InitVars',

new hook `EndGroup',

new hook `ExitVars',

new hook `ModeTrue',

new hook `EOL',
\lst@gtempboxa=\box124
\lst@token=\toks67
\lst@length=\count452

new hook `InitVarsBOL',
\lst@currlwidth=\dimen358
\lst@column=\count453
\lst@pos=\count454
\lst@lostspace=\dimen359
\lst@width=\dimen360
basewidth, 
new hook `FontAdjust',
fontadjust, 
new hook `PostOutput',

new hook `OutputBox',

new hook `InitBOL',
columns, flexiblecolumns,
\lst@newlines=\count455
 
new hook `OnNewLine',
emptylines, 
new hook `OnEmptyLine',
identifierstyle, 
new hook `EmptyStyle',

new hook `OutputOther',

new hook `Output',
tabsize, showtabs, tab, showspaces, keepspaces, 
new hook `Init',
formfeed, upquote, SelectCharTable, MoreSelectCharTable, 
new hook `SetLanguage',
extendedchars, useoutput, rescanchars, alsoletter, alsodigit, alsoother, 
new hook `SelectCharTable',
excludedelims, delim, moredelim, deletedelim, literate, basicstyle, inputencoding, multicols, 
new hook `EveryLine',
\lst@lineno=\count456
print, firstline, lastline, 
new hook `PreSet',
nolol, linerange, consecutivenumbers, rangeprefix, rangesuffix, rangebeginprefix, rangebeginsuffix, rangeendprefix, rangeendsuffix, includerangemarker, 
new hook `DeInit',
captionpos, abovecaptionskip, belowcaptionskip, label, title, caption, 
new hook `TextStyle',
\lstlistingname, \lstlistingnamestyle, numberbychapter, boxpos, float, floatplacement, aboveskip, belowskip, everydisplay, 
new hook `DisplayStyle',

new hook `PreInit',

new hook `EveryPar',
showlines,
\lst@maxwidth=\dimen361
 
new hook `InitVarsEOL',
gobble, name, \lstlistlistingname, \lstlistoflistings, inputpath, \lstnewenvironment, fancyvrb, (/mnt/mydata/yh/liming/workspace/texlive/texmf-dist/tex/latex/listings/lstpatch.sty
File: lstpatch.sty 2025/10/06 1.11 (Carsten Heinz)
) (/mnt/mydata/yh/liming/workspace/texlive/texmf-dist/tex/latex/listings/lstmisc.sty
File: lstmisc.sty 2025/10/06 1.11 (Carsten Heinz)
 
Define lst-aspect `strings': string, morestring, deletestring, stringstyle, showstringspaces, 
new hook `ExcludeDelims',

Allocs: none

Define lst-aspect `comments': comment, morecomment, deletecomment, commentstyle, 
new hook `AfterBeginComment',

Allocs: none

Define lst-aspect `escape': texcl, escapebegin, escapeend, escapechar, escapeinside, mathescape, 
Allocs: none

Define lst-aspect `keywords': sensitive, 
new hook `TrackKeywords',

new hook `PostTrackKeywords',

new hook `DetectKeywords',
classoffset, keywords, morekeywords, deletekeywords, keywordstyle, keywordstyle, ndkeywords, morendkeywords, deletendkeywords, ndkeywordstyle, keywordsprefix, otherkeywords, 
Allocs: none

Define lst-aspect `emph': emph, moreemph, deleteemph, emphstyle, 
Allocs: none

Define lst-aspect `index': index, moreindex, deleteindex, indexstyle, \lstindexmacro, 
Allocs: none

Define lst-aspect `style': \lststylefiles, \lstdefinestyle, \lst@definestyle, style, 
new hook `SetStyle',

Allocs: none

Define lst-aspect `language': \lstlanguagefiles, \lstdefinelanguage, \lst@definelanguage, language, alsolanguage, \lstalias, defaultdialect, 
Allocs: none

Define lst-aspect `labels': numbers, stepnumber, numberfirstline, numberstyle, numbersep, numberblanklines, firstnumber,
\c@lstnumber=\count457
\lst@skipnumbers=\count458
 
Allocs: 2\count, 

Define lst-aspect `lineshape': xleftmargin, xrightmargin, resetmargins, 
new hook `BoxUnsafe',
linewidth, lineskip, breaklines, breakindent, breakautoindent, breakatwhitespace, prebreak, postbreak, 
Allocs: none

Define lst-aspect `frames': framexleftmargin, framexrightmargin, framextopmargin, framexbottommargin, backgroundcolor, fillcolor, rulecolor, rulesepcolor, rulesep, framerule, framesep, frameshape, frameround, frame,
\lst@framebox=\box125
 
Allocs: 1\box, 
) 
Allocs: 8\count, 4\dimen, 2\box, 1\toks, 
(/mnt/mydata/yh/liming/workspace/texlive/texmf-dist/tex/latex/listings/listings.cfg
File: listings.cfg 2025/10/06 1.11 listings configuration
))
Package: listings 2025/10/06 1.11 (Carsten Heinz)
 (/mnt/mydata/yh/liming/workspace/texlive/texmf-dist/tex/xelatex/xecjk/xeCJK-listings.sty
Package: xeCJK-listings 2022/08/05 v3.9.1 xeCJK patch file for listings
\l__xeCJK_listings_max_char_int=\count459
\l__xeCJK_listings_flag_int=\count460
)
==> First Aid for listings.sty no longer applied!
    Expected:
        2024/09/23 1.10c (Carsten Heinz)
    but found:
        2025/10/06 1.11 (Carsten Heinz)
    so I'm assuming it got fixed.
(/mnt/mydata/yh/liming/workspace/texlive/texmf-dist/tex/latex/tcolorbox/tcblistingscore.code.tex
Library (tcolorbox): 'tcblistingscore.code.tex' version '6.8.0'
(/mnt/mydata/yh/liming/workspace/texlive/texmf-dist/tex/latex/tcolorbox/tcbprocessing.code.tex
Library (tcolorbox): 'tcbprocessing.code.tex' version '6.8.0'
)
\c@tcblisting=\count461
)) (/mnt/mydata/yh/liming/workspace/texlive/texmf-dist/tex/latex/tcolorbox/tcbskins.code.tex
Library (tcolorbox): 'tcbskins.code.tex' version '6.8.0'
(/mnt/mydata/yh/liming/workspace/texlive/texmf-dist/tex/latex/tikzfill/tikzfill.image.sty
Package: tikzfill.image 2023/08/08 v1.0.1 Image filling library for TikZ
 (/mnt/mydata/yh/liming/workspace/texlive/texmf-dist/tex/latex/tikzfill/tikzfill-common.sty
Package: tikzfill-common 2023/08/08 v1.0.1 Auxiliary code for tikzfill
) (/mnt/mydata/yh/liming/workspace/texlive/texmf-dist/tex/latex/tikzfill/tikzlibraryfill.image.code.tex
File: tikzlibraryfill.image.code.tex 2023/08/08 v1.0.1 Image filling library
\l__tikzfill_img_box=\box126
)) (/mnt/mydata/yh/liming/workspace/texlive/texmf-dist/tex/latex/tcolorbox/tcbskinsjigsaw.code.tex
Library (tcolorbox): 'tcbskinsjigsaw.code.tex' version '6.8.0'
)) (/mnt/mydata/yh/liming/workspace/texlive/texmf-dist/tex/latex/tcolorbox/tcbbreakable.code.tex
Library (tcolorbox): 'tcbbreakable.code.tex' version '6.8.0'
(/mnt/mydata/yh/liming/workspace/texlive/texmf-dist/tex/latex/pdfcol/pdfcol.sty
Package: pdfcol 2022-09-21 v1.7 Handle new color stacks for pdfTeX (HO)
Package pdfcol Info: Interface disabled because of missing PDF mode of pdfTeX.
)
Package pdfcol Info: pdfTeX's color stacks are not available.
\tcb@testbox=\box127
\tcb@totalupperbox=\box128
\tcb@totallowerbox=\box129
) (/mnt/mydata/yh/liming/workspace/texlive/texmf-dist/tex/latex/tcolorbox/tcbxparse.code.tex
Library (tcolorbox): 'tcbxparse.code.tex' version '6.8.0'
) (/mnt/mydata/yh/liming/workspace/texlive/texmf-dist/tex/latex/enumitem/enumitem.sty
Package: enumitem 2025/02/06 v3.11 Customized lists
\enitkv@toks@=\toks68
\labelindent=\skip89
\enit@outerparindent=\dimen362
\enit@toks=\toks69
\enit@inbox=\box130
\enit@count@id=\count462
\enitdp@description=\count463
)
Package thmtools Info: Key `qed' (with value `\qedsymbol ')
(thmtools)             is not a known style key.
(thmtools)             Will pass this to every \declaretheorem
(thmtools)             that uses `style=style_proof' on input line 589.
\c@theorem=\count464
\c@axiom=\count465
\c@corollary=\count466
\c@lemma=\count467
\c@definition=\count468
\c@example=\count469
\c@proposition=\count470
\c@assumption=\count471
\c@remark=\count472
\c@problem=\count473
\c@conjecture=\count474
 (/mnt/mydata/yh/liming/workspace/texlive/texmf-dist/tex/latex/footmisc/footmisc.sty
Package: footmisc 2025/05/09 v7.0b a miscellany of footnote facilities
\FN@temptoken=\toks70
\footnotemargin=\dimen363
 (/mnt/mydata/yh/liming/workspace/texlive/texmf-dist/tex/latex/bigfoot/perpage.sty
Package: perpage 2014/10/25 2.0 Reset/sort counters per page
\c@abspage=\count475
)
\c@pp@a@footnote=\count476
Package footmisc Info: Declaring symbol style bringhurst on input line 549.
Package footmisc Info: Declaring symbol style chicago on input line 557.
Package footmisc Info: Declaring symbol style wiley on input line 566.
Package footmisc Info: Declaring symbol style lamport-robust on input line 577.
Package footmisc Info: Declaring symbol style lamport* on input line 597.
Package footmisc Info: Declaring symbol style lamport*-robust on input line 618.
)
Package footmisc Info: Declaring symbol style circled on input line 627.
 (/mnt/mydata/yh/liming/workspace/texlive/texmf-dist/tex/latex/fancyvrb/fancyvrb.sty
Package: fancyvrb 2025/07/28 4.6 verbatim text (tvz,hv)
\FV@CodeLineNo=\count477
\FV@InFile=\read4
\FV@TabBox=\box131
\c@FancyVerbLine=\count478
\FV@StepNumber=\count479
\FV@OutFile=\write4
) (/mnt/mydata/yh/liming/workspace/texlive/texmf-dist/tex/latex/fancyhdr/fancyhdr.sty
Package: fancyhdr 2025/02/07 v5.2 Extensive control of page headers and footers
\f@nch@headwidth=\skip90
\f@nch@offset@elh=\skip91
\f@nch@offset@erh=\skip92
\f@nch@offset@olh=\skip93
\f@nch@offset@orh=\skip94
\f@nch@offset@elf=\skip95
\f@nch@offset@erf=\skip96
\f@nch@offset@olf=\skip97
\f@nch@offset@orf=\skip98
\f@nch@height=\skip99
\f@nch@footalignment=\skip100
\f@nch@widthL=\skip101
\f@nch@widthC=\skip102
\f@nch@widthR=\skip103
\@temptokenb=\toks71
) (/mnt/mydata/yh/liming/workspace/texlive/texmf-dist/tex/latex/titlesec/titlesec.sty
Package: titlesec 2025/01/04 v2.17 Sectioning titles
\ttl@box=\box132
\beforetitleunit=\skip104
\aftertitleunit=\skip105
\ttl@plus=\dimen364
\ttl@minus=\dimen365
\ttl@toksa=\toks72
\titlewidth=\dimen366
\titlewidthlast=\dimen367
\titlewidthfirst=\dimen368
)
\c@subsubparagraph=\count480
 (/mnt/mydata/yh/liming/workspace/texlive/texmf-dist/tex/latex/newfloat/newfloat.sty
Package: newfloat 2023/10/01 v1.2 Defining new floating environments (AR)
Package newfloat Info: Document class `book' detected (original).
) (/mnt/mydata/yh/liming/workspace/texlive/texmf-dist/tex/latex/tools/multicol.sty
Package: multicol 2025/10/21 v2.0b multicolumn formatting (FMi)
\c@tracingmulticols=\count481
\mult@box=\box133
\multicol@leftmargin=\dimen369
\c@unbalance=\count482
\c@collectmore=\count483
\doublecol@number=\count484
\multicoltolerance=\count485
\multicolpretolerance=\count486
\full@width=\dimen370
\page@free=\dimen371
\premulticols=\dimen372
\postmulticols=\dimen373
\multicolsep=\skip106
\multicolbaselineskip=\skip107
\partial@page=\box134
\last@line=\box135
\mc@boxedresult=\box136
\maxbalancingoverflow=\dimen374
\mult@rightbox=\box137
\mult@grightbox=\box138
\mult@firstbox=\box139
\mult@gfirstbox=\box140
\@tempa=\box141
\@tempa=\box142
\@tempa=\box143
\@tempa=\box144
\@tempa=\box145
\@tempa=\box146
\@tempa=\box147
\@tempa=\box148
\@tempa=\box149
\@tempa=\box150
\@tempa=\box151
\@tempa=\box152
\@tempa=\box153
\@tempa=\box154
\@tempa=\box155
\@tempa=\box156
\@tempa=\box157
\@tempa=\box158
\@tempa=\box159
\@tempa=\box160
\@tempa=\box161
\@tempa=\box162
\@tempa=\box163
\@tempa=\box164
\@tempa=\box165
\@tempa=\box166
\@tempa=\box167
\@tempa=\box168
\@tempa=\box169
\@tempa=\box170
\@tempa=\box171
\@tempa=\box172
\@tempa=\box173
\@tempa=\box174
\@tempa=\box175
\@tempa=\box176
\c@minrows=\count487
\c@columnbadness=\count488
\c@finalcolumnbadness=\count489
\last@try=\dimen375
\multicolovershoot=\dimen376
\multicolundershoot=\dimen377
\mult@nat@firstbox=\box177
\colbreak@box=\box178
\mc@col@check@num=\count490
\g__mc_curr_col_int=\count491
) (/mnt/mydata/yh/liming/workspace/texlive/texmf-dist/tex/latex/tabularray/tabularray.sty
Package: tabularray 2025-08-29 v2025B Typeset tabulars and arrays with LaTeX3
 (/mnt/mydata/yh/liming/workspace/texlive/texmf-dist/tex/latex/ninecolors/ninecolors.sty
Package: ninecolors 2022-02-13 v2022D Select colors with proper color contrast
)
\l__tblr_a_int=\count492
\l__tblr_c_int=\count493
\l__tblr_r_int=\count494
\l__tblr_d_dim=\dimen378
\l__tblr_h_dim=\dimen379
\l__tblr_o_dim=\dimen380
\l__tblr_p_dim=\dimen381
\l__tblr_q_dim=\dimen382
\l__tblr_r_dim=\dimen383
\l__tblr_s_dim=\dimen384
\l__tblr_t_dim=\dimen385
\l__tblr_v_dim=\dimen386
\l__tblr_w_dim=\dimen387
\l__tblr_a_box=\box179
\l__tblr_b_box=\box180
\l__tblr_c_box=\box181
\l__tblr_d_box=\box182
\c@tblrcount=\count495
\c@colnum=\count496
\c@rowcount=\count497
\c@colcount=\count498
\abovesep=\dimen388
\belowsep=\dimen389
\leftsep=\dimen390
\rightsep=\dimen391
\gTblrLevelInt=\count499
\g__tblr_data_row_key_count_int=\count500
\g__tblr_data_column_key_count_int=\count501
\g__tblr_data_cell_key_count_int=\count502
\g__tblr_array_int=\count503
\l__tblr_key_count_int=\count504
\l__tblr_key_quotient_int=\count505
\l__tblr_key_quotient_two_int=\count506
\l__tblr_key_remainder_int=\count507
\g__tblr_data_str_value_count_int=\count508
\lTblrChildTotalInt=\count509
\lTblrChildHtotalInt=\count510
\lTblrChildVtotalInt=\count511
\l__child_diff_h_int=\count512
\l__child_diff_v_int=\count513
\l__child_sign_h_int=\count514
\l__child_sign_v_int=\count515
\l__child_step_int=\count516
\lTblrDefaultHruleWidthDim=\dimen392
\lTblrDefaultVruleWidthDim=\dimen393
\l__tblr_split_balance_int=\count517
\l__tblr_strut_dp_dim=\dimen394
\l__tblr_strut_ht_dim=\dimen395
\g__tblr_cell_wd_dim=\dimen396
\g__tblr_cell_ht_dim=\dimen397
\g__tblr_cell_head_dim=\dimen398
\g__tblr_cell_foot_dim=\dimen399
\l__tblr_measured_cell_box=\box183
\g__tblr_last_box=\box184
\l__tblr_temp_box=\box185
\l__tblr_column_target_dim=\dimen400
\l__tblr_hfuzz_dim=\dimen401
\l__tblr_caption_box=\box186
\l__tblr_caption_left_box=\box187
\lTblrRowHeadInt=\count518
\lTblrRowFootInt=\count519
\l__tblr_row_head_box=\box188
\l__tblr_row_foot_box=\box189
\l__tblr_row_head_foot_dim=\dimen402
\lTblrTableWidthDim=\dimen403
\l__tblr_table_firsthead_box=\box190
\l__tblr_table_middlehead_box=\box191
\l__tblr_table_lasthead_box=\box192
\l__tblr_table_firstfoot_box=\box193
\l__tblr_table_middlefoot_box=\box194
\l__tblr_table_lastfoot_box=\box195
\l__tblr_remain_height_dim=\dimen404
\l__tblr_long_from_int=\count520
\l__tblr_long_to_int=\count521
\l__tblr_curr_i_int=\count522
\l__tblr_prev_i_int=\count523
\lTblrTablePageInt=\count524
\l__tblr_table_head_box=\box196
\l__tblr_table_foot_box=\box197
\l__tblr_table_head_foot_dim=\dimen405
\l__tblr_table_head_body_foot_dim=\dimen406
\l__tblr_table_box=\box198
\lTblrRowFirstInt=\count525
\lTblrRowLastInt=\count526
\l__tblr_table_hlines_box=\box199
\l__tblr_hline_box=\box256
\l__tblr_row_box=\box257
\l__tblr_col_o_wd_dim=\dimen407
\l__tblr_col_b_wd_dim=\dimen408
\l__tblr_hline_leftskip_dim=\dimen409
\l__tblr_hline_rightskip_dim=\dimen410
\l__tblr_row_ht_dim=\dimen411
\l__tblr_row_dp_dim=\dimen412
\l__tblr_row_abovesep_dim=\dimen413
\l__tblr_row_belowsep_dim=\dimen414
\l__tblr_row_vlines_box=\box258
\l__tblr_vline_box=\box259
\l__tblr_cell_box=\box260
\l__tblr_row_upper_dim=\dimen415
\l__tblr_row_lower_dim=\dimen416
\l__tblr_row_vpace_dim=\dimen417
\l__tblr_vline_aboveskip_dim=\dimen418
\l__tblr_vline_belowskip_dim=\dimen419
\lTblrCellRowSpanInt=\count527
\lTblrCellColSpanInt=\count528
\l__tblr_cell_wd_dim=\dimen420
\l__tblr_cell_ht_dim=\dimen421
\lTblrCellAboveBorderWidthDim=\dimen422
\lTblrCellBelowBorderWidthDim=\dimen423
\lTblrCellLeftBorderWidthDim=\dimen424
\lTblrCellRightBorderWidthDim=\dimen425
\l__tblr_diag_box=\box261
\l__tblr_cell_inner_wd_dim=\dimen426
\l__tblr_cell_inner_dp_dim=\dimen427
\l__tblr_cell_hanchor_dim=\dimen428
\l__tblr_last_cell_table_ht_dim=\dimen429
\l__tblr_last_cell_table_dp_dim=\dimen430
\l__tblr_last_vline_wd_dim=\dimen431
\l__tblr_tikz_node_box=\box262
) (/mnt/mydata/yh/liming/workspace/texlive/texmf-dist/tex/latex/booktabs/booktabs.sty
Package: booktabs 2020/01/12 v1.61803398 Publication quality tables
\heavyrulewidth=\dimen432
\lightrulewidth=\dimen433
\cmidrulewidth=\dimen434
\belowrulesep=\dimen435
\belowbottomsep=\dimen436
\aboverulesep=\dimen437
\abovetopsep=\dimen438
\cmidrulesep=\dimen439
\cmidrulekern=\dimen440
\defaultaddspace=\dimen441
\@cmidla=\count529
\@cmidlb=\count530
\@aboverulesep=\dimen442
\@belowrulesep=\dimen443
\@thisruleclass=\count531
\@lastruleclass=\count532
\@thisrulewidth=\dimen444
)
\tikzboxwidth=\skip108
\tikzboxheight=\skip109
 (/mnt/mydata/yh/liming/workspace/texlive/texmf-dist/tex/latex/caption/caption.sty
Package: caption 2023/08/05 v3.6o Customizing captions (AR)
 (/mnt/mydata/yh/liming/workspace/texlive/texmf-dist/tex/latex/caption/caption3.sty
Package: caption3 2023/07/31 v2.4d caption3 kernel (AR)
\caption@tempdima=\dimen445
\captionmargin=\dimen446
\caption@leftmargin=\dimen447
\caption@rightmargin=\dimen448
\caption@width=\dimen449
\caption@indent=\dimen450
\caption@parindent=\dimen451
\caption@hangindent=\dimen452
Package caption Info: Standard document class detected.
)
\c@caption@flags=\count533
\c@continuedfloat=\count534
Package caption Info: float package is loaded.
Package caption Info: listings package is loaded.
Package caption Info: longtable package is loaded.
 (/mnt/mydata/yh/liming/workspace/texlive/texmf-dist/tex/latex/caption/ltcaption.sty
Package: ltcaption 2021/01/08 v1.4c longtable captions (AR)
)
Package caption Info: supertabular package is loaded.
) (/mnt/mydata/yh/liming/workspace/texlive/texmf-dist/tex/latex/caption/subcaption.sty
Package: subcaption 2023/07/28 v1.6b Sub-captions (AR)
Package caption Info: New subtype `subfigure' on input line 238.
\c@subfigure=\count535
Package caption Info: New subtype `subtable' on input line 238.
\c@subtable=\count536
) (/mnt/mydata/yh/liming/workspace/texlive/texmf-dist/tex/latex/xurl/xurl.sty
Package: xurl 2022/01/09 v 0.10 modify URL breaks
 (/mnt/mydata/yh/liming/workspace/texlive/texmf-dist/tex/latex/url/url.sty
\Urlmuskip=\muskip19
Package: url 2013/09/16  ver 3.4  Verb mode for urls, etc.
)) (/mnt/mydata/yh/liming/workspace/texlive/texmf-dist/tex/latex/hyperref/hyperref.sty
Package: hyperref 2025-07-12 v7.01o Hypertext links for LaTeX
 (/mnt/mydata/yh/liming/workspace/texlive/texmf-dist/tex/generic/kvdefinekeys/kvdefinekeys.sty
Package: kvdefinekeys 2019-12-19 v1.6 Define keys (HO)
) (/mnt/mydata/yh/liming/workspace/texlive/texmf-dist/tex/generic/pdfescape/pdfescape.sty
Package: pdfescape 2019/12/09 v1.15 Implements pdfTeX's escape features (HO)
) (/mnt/mydata/yh/liming/workspace/texlive/texmf-dist/tex/latex/hycolor/hycolor.sty
Package: hycolor 2020-01-27 v1.10 Color options for hyperref/bookmark (HO)
) (/mnt/mydata/yh/liming/workspace/texlive/texmf-dist/tex/latex/hyperref/nameref.sty
Package: nameref 2025-06-21 v2.57 Cross-referencing by name of section
 (/mnt/mydata/yh/liming/workspace/texlive/texmf-dist/tex/latex/refcount/refcount.sty
Package: refcount 2019/12/15 v3.6 Data extraction from label references (HO)
) (/mnt/mydata/yh/liming/workspace/texlive/texmf-dist/tex/generic/gettitlestring/gettitlestring.sty
Package: gettitlestring 2019/12/15 v1.6 Cleanup title references (HO)
 (/mnt/mydata/yh/liming/workspace/texlive/texmf-dist/tex/latex/kvoptions/kvoptions.sty
Package: kvoptions 2022-06-15 v3.15 Key value format for package options (HO)
))
\c@section@level=\count537
) (/mnt/mydata/yh/liming/workspace/texlive/texmf-dist/tex/generic/stringenc/stringenc.sty
Package: stringenc 2019/11/29 v1.12 Convert strings between diff. encodings (HO)
)
\@linkdim=\dimen453
\Hy@linkcounter=\count538
\Hy@pagecounter=\count539
 (/mnt/mydata/yh/liming/workspace/texlive/texmf-dist/tex/latex/hyperref/pd1enc.def
File: pd1enc.def 2025-07-12 v7.01o Hyperref: PDFDocEncoding definition (HO)
) (/mnt/mydata/yh/liming/workspace/texlive/texmf-dist/tex/generic/intcalc/intcalc.sty
Package: intcalc 2019/12/15 v1.3 Expandable calculations with integers (HO)
)
\Hy@SavedSpaceFactor=\count540
 (/mnt/mydata/yh/liming/workspace/texlive/texmf-dist/tex/latex/hyperref/puenc.def
File: puenc.def 2025-07-12 v7.01o Hyperref: PDF Unicode definition (HO)
)
Package hyperref Info: Option `unicode' set `true' on input line 4066.
Package hyperref Info: Option `hyperfootnotes' set `false' on input line 4066.
Package hyperref Info: Option `bookmarksnumbered' set `true' on input line 4066.
Package hyperref Info: Option `bookmarksopen' set `true' on input line 4066.
Package hyperref Info: Option `breaklinks' set `true' on input line 4066.
Package hyperref Info: Option `colorlinks' set `false' on input line 4066.
Package hyperref Info: Option `psdextra' set `true' on input line 4066.
 (/mnt/mydata/yh/liming/workspace/texlive/texmf-dist/tex/latex/hyperref/psdextra.def
File: psdextra.def 2025-07-12 v7.01o Hyperref: Additions to PDF string support
)
Package hyperref Info: Hyper figures OFF on input line 4195.
Package hyperref Info: Link nesting OFF on input line 4200.
Package hyperref Info: Hyper index ON on input line 4203.
Package hyperref Info: Plain pages OFF on input line 4210.
Package hyperref Info: Backreferencing OFF on input line 4215.
Package hyperref Info: Implicit mode ON; LaTeX internals redefined.
Package hyperref Info: Bookmarks ON on input line 4462.
\c@Hy@tempcnt=\count541
LaTeX Info: Redefining \url on input line 4801.
\XeTeXLinkMargin=\dimen454
 (/mnt/mydata/yh/liming/workspace/texlive/texmf-dist/tex/generic/bitset/bitset.sty
Package: bitset 2019/12/09 v1.3 Handle bit-vector datatype (HO)
 (/mnt/mydata/yh/liming/workspace/texlive/texmf-dist/tex/generic/bigintcalc/bigintcalc.sty
Package: bigintcalc 2019/12/15 v1.5 Expandable calculations on big integers (HO)
))
\Fld@menulength=\count542
\Field@Width=\dimen455
\Fld@charsize=\dimen456
Package hyperref Info: Hyper figures OFF on input line 6078.
Package hyperref Info: Link nesting OFF on input line 6083.
Package hyperref Info: Hyper index ON on input line 6086.
Package hyperref Info: backreferencing OFF on input line 6093.
Package hyperref Info: Link coloring OFF on input line 6098.
Package hyperref Info: Link coloring with OCG OFF on input line 6103.
Package hyperref Info: PDF/A mode OFF on input line 6108.
\Hy@abspage=\count543
\c@Item=\count544
)
Package hyperref Info: Driver (autodetected): hxetex.
 (/mnt/mydata/yh/liming/workspace/texlive/texmf-dist/tex/latex/hyperref/hxetex.def
File: hxetex.def 2025-07-12 v7.01o Hyperref driver for XeTeX
\pdfm@box=\box263
\c@Hy@AnnotLevel=\count545
\HyField@AnnotCount=\count546
\Fld@listcount=\count547
\c@bookmark@seq@number=\count548
 (/mnt/mydata/yh/liming/workspace/texlive/texmf-dist/tex/latex/rerunfilecheck/rerunfilecheck.sty
Package: rerunfilecheck 2025-06-21 v1.11 Rerun checks for auxiliary files (HO)
 (/mnt/mydata/yh/liming/workspace/texlive/texmf-dist/tex/generic/uniquecounter/uniquecounter.sty
Package: uniquecounter 2019/12/15 v1.4 Provide unlimited unique counter (HO)
)
Package uniquecounter Info: New unique counter `rerunfilecheck' on input line 284.
)
\Hy@SectionHShift=\skip110
) (/mnt/mydata/yh/liming/workspace/texlive/texmf-dist/tex/latex/bookmark/bookmark.sty
Package: bookmark 2023-12-10 v1.31 PDF bookmarks (HO)
 (/mnt/mydata/yh/liming/workspace/texlive/texmf-dist/tex/latex/bookmark/bkm-dvipdfm.def
File: bkm-dvipdfm.def 2023-12-10 v1.31 bookmark driver for dvipdfm (HO)
\BKM@id=\count549
)) (/mnt/mydata/yh/liming/workspace/texlive/texmf-dist/tex/latex/cleveref/cleveref.sty
Package: cleveref 2018/03/27 v0.21.4 Intelligent cross-referencing
Package cleveref Info: `hyperref' support loaded on input line 2370.
LaTeX Info: Redefining \cref on input line 2370.
LaTeX Info: Redefining \Cref on input line 2370.
LaTeX Info: Redefining \crefrange on input line 2370.
LaTeX Info: Redefining \Crefrange on input line 2370.
LaTeX Info: Redefining \cpageref on input line 2370.
LaTeX Info: Redefining \Cpageref on input line 2370.
LaTeX Info: Redefining \cpagerefrange on input line 2370.
LaTeX Info: Redefining \Cpagerefrange on input line 2370.
LaTeX Info: Redefining \labelcref on input line 2370.
LaTeX Info: Redefining \labelcpageref on input line 2370.
Package cleveref Info: `amsthm' support loaded on input line 3026.
Package cleveref Info: `algorithmicx' support loaded on input line 3120.
Package cleveref Info: `listings' support loaded on input line 3131.
)
==> First Aid for cleveref.sty applied!
\l_bp_set_to_box=\box264
(/mnt/mydata/yh/liming/workspace/texlive/texmf-dist/tex/latex/titlesec/titletoc.sty
Package: titletoc 2025/01/04 v2.17 TOC entries
\ttl@leftsep=\dimen457
) (/mnt/mydata/yh/liming/workspace/texlive/texmf-dist/tex/latex/tocloft/tocloft.sty
Package: tocloft 2017/08/31 v2.3i parameterised ToC, etc., typesetting
Package tocloft Info: The document has chapter divisions on input line 51.
\cftparskip=\skip111
\cftbeforetoctitleskip=\skip112
\cftaftertoctitleskip=\skip113
\cftbeforepartskip=\skip114
\cftpartnumwidth=\skip115
\cftpartindent=\skip116
\cftbeforechapskip=\skip117
\cftchapindent=\skip118
\cftchapnumwidth=\skip119
\cftbeforesecskip=\skip120
\cftsecindent=\skip121
\cftsecnumwidth=\skip122
\cftbeforesubsecskip=\skip123
\cftsubsecindent=\skip124
\cftsubsecnumwidth=\skip125
\cftbeforesubsubsecskip=\skip126
\cftsubsubsecindent=\skip127
\cftsubsubsecnumwidth=\skip128
\cftbeforeparaskip=\skip129
\cftparaindent=\skip130
\cftparanumwidth=\skip131
\cftbeforesubparaskip=\skip132
\cftsubparaindent=\skip133
\cftsubparanumwidth=\skip134
\cftbeforeloftitleskip=\skip135
\cftafterloftitleskip=\skip136
\cftbeforefigskip=\skip137
\cftfigindent=\skip138
\cftfignumwidth=\skip139
\c@lofdepth=\count550
\c@lotdepth=\count551
\cftbeforelottitleskip=\skip140
\cftafterlottitleskip=\skip141
\cftbeforetabskip=\skip142
\cfttabindent=\skip143
\cfttabnumwidth=\skip144
) (./Main_Miscellaneous/glossary.tex)
\glswrite=\write5
\glo@main@file=\write6
\openout6 = `main.glo'.

Package glossaries Info: Writing glossary file main.glo on input line 1360.
\glo@symbols@file=\write7
\openout7 = `main.slo'.

Package glossaries Info: Writing glossary file main.slo on input line 1360.
 (/mnt/mydata/yh/liming/workspace/texlive/texmf-dist/tex/latex/biblatex/biblatex.sty
Package: biblatex 2025/07/10 v3.21 programmable bibliographies (PK/MW)
 (/mnt/mydata/yh/liming/workspace/texlive/texmf-dist/tex/latex/logreq/logreq.sty
Package: logreq 2010/08/04 v1.0 xml request logger
\lrq@indent=\count552
 (/mnt/mydata/yh/liming/workspace/texlive/texmf-dist/tex/latex/logreq/logreq.def
File: logreq.def 2010/08/04 v1.0 logreq spec v1.0
))
\c@tabx@nest=\count553
\c@listtotal=\count554
\c@listcount=\count555
\c@liststart=\count556
\c@liststop=\count557
\c@citecount=\count558
\c@citetotal=\count559
\c@multicitecount=\count560
\c@multicitetotal=\count561
\c@instcount=\count562
\c@maxnames=\count563
\c@minnames=\count564
\c@maxitems=\count565
\c@minitems=\count566
\c@citecounter=\count567
\c@maxcitecounter=\count568
\c@savedcitecounter=\count569
\c@uniquelist=\count570
\c@uniquename=\count571
\c@refsection=\count572
\c@refsegment=\count573
\c@maxextratitle=\count574
\c@maxextratitleyear=\count575
\c@maxextraname=\count576
\c@maxextradate=\count577
\c@maxextraalpha=\count578
\c@abbrvpenalty=\count579
\c@highnamepenalty=\count580
\c@lownamepenalty=\count581
\c@maxparens=\count582
\c@parenlevel=\count583
\blx@tempcnta=\count584
\blx@tempcntb=\count585
\blx@tempcntc=\count586
\c@blx@maxsection=\count587
\blx@maxsegment@0=\count588
\blx@notetype=\count589
\blx@parenlevel@text=\count590
\blx@parenlevel@foot=\count591
\blx@sectionciteorder@0=\count592
\blx@sectionciteorderinternal@0=\count593
\blx@entrysetcounter=\count594
\blx@biblioinstance=\count595
\labelnumberwidth=\skip145
\labelalphawidth=\skip146
\biblabelsep=\skip147
\bibitemsep=\skip148
\bibnamesep=\skip149
\bibinitsep=\skip150
\bibparsep=\skip151
\bibhang=\skip152
\blx@bcfin=\read5
\blx@bcfout=\write8
\blx@langwohyphens=\language90
\c@mincomprange=\count596
\c@maxcomprange=\count597
\c@mincompwidth=\count598
Package biblatex Info: Trying to load biblatex default data model...
Package biblatex Info: ... file 'blx-dm.def' found.
 (/mnt/mydata/yh/liming/workspace/texlive/texmf-dist/tex/latex/biblatex/blx-dm.def
File: blx-dm.def 2025/07/10 v3.21 biblatex datamodel (PK/MW)
)
Package biblatex Info: Trying to load biblatex style data model...
Package biblatex Info: ... file 'gb7714-2015.dbx' not found.
Package biblatex Info: Trying to load biblatex custom data model...
Package biblatex Info: ... file 'biblatex-dm.cfg' not found.
\c@afterword=\count599
\c@savedafterword=\count600
\c@annotator=\count601
\c@savedannotator=\count602
\c@author=\count603
\c@savedauthor=\count604
\c@bookauthor=\count605
\c@savedbookauthor=\count606
\c@commentator=\count607
\c@savedcommentator=\count608
\c@editor=\count609
\c@savededitor=\count610
\c@editora=\count611
\c@savededitora=\count612
\c@editorb=\count613
\c@savededitorb=\count614
\c@editorc=\count615
\c@savededitorc=\count616
\c@foreword=\count617
\c@savedforeword=\count618
\c@holder=\count619
\c@savedholder=\count620
\c@introduction=\count621
\c@savedintroduction=\count622
\c@namea=\count623
\c@savednamea=\count624
\c@nameb=\count625
\c@savednameb=\count626
\c@namec=\count627
\c@savednamec=\count628
\c@translator=\count629
\c@savedtranslator=\count630
\c@shortauthor=\count631
\c@savedshortauthor=\count632
\c@shorteditor=\count633
\c@savedshorteditor=\count634
\c@labelname=\count635
\c@savedlabelname=\count636
\c@institution=\count637
\c@savedinstitution=\count638
\c@lista=\count639
\c@savedlista=\count640
\c@listb=\count641
\c@savedlistb=\count642
\c@listc=\count643
\c@savedlistc=\count644
\c@listd=\count645
\c@savedlistd=\count646
\c@liste=\count647
\c@savedliste=\count648
\c@listf=\count649
\c@savedlistf=\count650
\c@location=\count651
\c@savedlocation=\count652
\c@organization=\count653
\c@savedorganization=\count654
\c@origlocation=\count655
\c@savedoriglocation=\count656
\c@origpublisher=\count657
\c@savedorigpublisher=\count658
\c@publisher=\count659
\c@savedpublisher=\count660
\c@language=\count661
\c@savedlanguage=\count662
\c@origlanguage=\count663
\c@savedoriglanguage=\count664
\c@pageref=\count665
\c@savedpageref=\count666
\shorthandwidth=\skip153
\shortjournalwidth=\skip154
\shortserieswidth=\skip155
\shorttitlewidth=\skip156
\shortauthorwidth=\skip157
\shorteditorwidth=\skip158
\locallabelnumberwidth=\skip159
\locallabelalphawidth=\skip160
\localshorthandwidth=\skip161
\localshortjournalwidth=\skip162
\localshortserieswidth=\skip163
\localshorttitlewidth=\skip164
\localshortauthorwidth=\skip165
\localshorteditorwidth=\skip166
Package biblatex Info: Trying to load enhanced support for Unicode engines...
Package biblatex Info: ... file 'blx-unicode.def' found.
 (/mnt/mydata/yh/liming/workspace/texlive/texmf-dist/tex/latex/biblatex/blx-unicode.def)
Package biblatex Info: Trying to load compatibility code...
Package biblatex Info: ... file 'blx-compat.def' found.
 (/mnt/mydata/yh/liming/workspace/texlive/texmf-dist/tex/latex/biblatex/blx-compat.def
File: blx-compat.def 2025/07/10 v3.21 biblatex compatibility (PK/MW)
)
Package biblatex Info: Trying to load generic definitions...
Package biblatex Info: ... file 'biblatex.def' found.
 (/mnt/mydata/yh/liming/workspace/texlive/texmf-dist/tex/latex/biblatex/biblatex.def
File: biblatex.def 2025/07/10 v3.21 biblatex compatibility (PK/MW)
\c@textcitecount=\count667
\c@textcitetotal=\count668
\c@textcitemaxnames=\count669
\c@biburlbigbreakpenalty=\count670
\c@biburlbreakpenalty=\count671
\c@biburlnumpenalty=\count672
\c@biburlucpenalty=\count673
\c@biburllcpenalty=\count674
\biburlbigskip=\muskip20
\biburlnumskip=\muskip21
\biburlucskip=\muskip22
\biburllcskip=\muskip23
\c@smartand=\count675
)
Package biblatex Info: Trying to load bibliography style 'gb7714-2015'...
Package biblatex Info: ... file 'gb7714-2015.bbx' found.
 (/mnt/mydata/yh/liming/workspace/texlive/texmf-dist/tex/latex/biblatex-gb7714-2015/gb7714-2015.bbx
File: gb7714-2015.bbx 2025/06/10 v1.1vbiblatex bibliography style
Package biblatex Info: Trying to load bibliography style 'numeric-comp'...
Package biblatex Info: ... file 'numeric-comp.bbx' found.
 (/mnt/mydata/yh/liming/workspace/texlive/texmf-dist/tex/latex/biblatex/bbx/numeric-comp.bbx
File: numeric-comp.bbx 2025/07/10 v3.21 biblatex bibliography style (PK/MW)
Package biblatex Info: Trying to load bibliography style 'numeric'...
Package biblatex Info: ... file 'numeric.bbx' found.
 (/mnt/mydata/yh/liming/workspace/texlive/texmf-dist/tex/latex/biblatex/bbx/numeric.bbx
File: numeric.bbx 2025/07/10 v3.21 biblatex bibliography style (PK/MW)
Package biblatex Info: Trying to load bibliography style 'standard'...
Package biblatex Info: ... file 'standard.bbx' found.
 (/mnt/mydata/yh/liming/workspace/texlive/texmf-dist/tex/latex/biblatex/bbx/standard.bbx
File: standard.bbx 2025/07/10 v3.21 biblatex bibliography style (PK/MW)
\c@bbx:relatedcount=\count676
\c@bbx:relatedtotal=\count677
))) (/mnt/mydata/yh/liming/workspace/texlive/texmf-dist/tex/generic/xstring/xstring.sty (/mnt/mydata/yh/liming/workspace/texlive/texmf-dist/tex/generic/xstring/xstring.tex
\xs_counta=\count678
\xs_countb=\count679
)
Package: xstring 2023/08/22 v1.86 String manipulations (CT)
)
\BracketLift=\skip167
\footbibmargin=\skip168
\footbiblabelsep=\skip169
\c@gbnamefmtcase=\count680
\c@gbalignlabel=\count681
\c@gbcitelocalcase=\count682
\c@gbbiblocalcase=\count683
\c@lanordernum=\count684
\bibitemindent=\skip170
\biblabelextend=\skip171
\bibextramargin=\skip172
Package biblatex Info: Delimiter 'finalnamedelim' in context '' already defined, overwriting.
)
Package biblatex Info: Trying to load citation style 'gb7714-2015'...
Package biblatex Info: ... file 'gb7714-2015.cbx' found.
 (/mnt/mydata/yh/liming/workspace/texlive/texmf-dist/tex/latex/biblatex-gb7714-2015/gb7714-2015.cbx
File: gb7714-2015.cbx a biblatex citation style for GB/T 7714-2015
Package biblatex Info: Trying to load citation style 'numeric-comp'...
Package biblatex Info: ... file 'numeric-comp.cbx' found.
 (/mnt/mydata/yh/liming/workspace/texlive/texmf-dist/tex/latex/biblatex/cbx/numeric-comp.cbx
File: numeric-comp.cbx 2025/07/10 v3.21 biblatex citation style (PK/MW)
\c@cbx@tempcnta=\count685
\c@cbx@tempcntb=\count686
\c@cbx@tempcntc=\count687
\c@cbx@tempcntd=\count688
Package biblatex Info: Redefining '\cite'.
Package biblatex Info: Redefining '\parencite'.
Package biblatex Info: Redefining '\footcite'.
Package biblatex Info: Redefining '\footcitetext'.
Package biblatex Info: Redefining '\smartcite'.
Package biblatex Info: Redefining '\supercite'.
Package biblatex Info: Redefining '\textcite'.
Package biblatex Info: Redefining '\textcites'.
Package biblatex Info: Redefining '\cites'.
Package biblatex Info: Redefining '\parencites'.
Package biblatex Info: Redefining '\smartcites'.
)
\c@gbrefcompress=\count689
Package biblatex Info: Redefining '\cite'.
Package biblatex Info: Redefining '\parencite'.
Package biblatex Info: Redefining '\cbx@textcite'.
)
Package biblatex Info: Trying to load configuration file...
Package biblatex Info: ... file 'biblatex.cfg' found.
 (/mnt/mydata/yh/liming/workspace/texlive/texmf-dist/tex/latex/biblatex/biblatex.cfg
File: biblatex.cfg 
)
Package biblatex Info: XeTeX detected.
(biblatex)             Assuming input encoding 'utf8'.
Package biblatex Info: Document encoding is UTF8 ....
Package biblatex Info: ... and expl3
(biblatex)             2025-10-24 L3 programming layer (loader) 
(biblatex)             is new enough (at least 2020/04/06),
(biblatex)             setting 'casechanger=expl3'.
 (/mnt/mydata/yh/liming/workspace/texlive/texmf-dist/tex/latex/biblatex/blx-case-expl3.sty
Package: blx-case-expl3 2025/07/10 v3.21 expl3 case changing code for biblatex
)) (/mnt/mydata/yh/liming/workspace/texlive/texmf-dist/tex/latex/appendix/appendix.sty
Package: appendix 2020/02/08 v1.2c extra appendix facilities
\c@@pps=\count690
\c@@ppsavesec=\count691
\c@@ppsaveapp=\count692
))
Package translations Info: No language package found. I am going to use `english' as default language. on input line 143.
\@quotelevel=\count693
\@quotereset=\count694
 (Build//main.aux (Build//Main_Spine/c1.aux) (Build//Main_Spine/c2.aux) (Build//Main_Spine/c3.aux) (Build//Main_Spine/c4.aux) (Build//Main_Spine/c5.aux))
\openout1 = `main.aux'.

LaTeX Font Info:    Checking defaults for OML/cmm/m/it on input line 143.
LaTeX Font Info:    ... okay on input line 143.
LaTeX Font Info:    Checking defaults for OMS/cmsy/m/n on input line 143.
LaTeX Font Info:    ... okay on input line 143.
LaTeX Font Info:    Checking defaults for OT1/cmr/m/n on input line 143.
LaTeX Font Info:    ... okay on input line 143.
LaTeX Font Info:    Checking defaults for T1/cmr/m/n on input line 143.
LaTeX Font Info:    ... okay on input line 143.
LaTeX Font Info:    Checking defaults for TS1/cmr/m/n on input line 143.
LaTeX Font Info:    ... okay on input line 143.
LaTeX Font Info:    Checking defaults for TU/lmr/m/n on input line 143.
LaTeX Font Info:    ... okay on input line 143.
LaTeX Font Info:    Checking defaults for OMX/cmex/m/n on input line 143.
LaTeX Font Info:    ... okay on input line 143.
LaTeX Font Info:    Checking defaults for U/cmr/m/n on input line 143.
LaTeX Font Info:    ... okay on input line 143.
LaTeX Font Info:    Checking defaults for PD1/pdf/m/n on input line 143.
LaTeX Font Info:    ... okay on input line 143.
LaTeX Font Info:    Checking defaults for PU/pdf/m/n on input line 143.
LaTeX Font Info:    ... okay on input line 143.
LaTeX Font Info:    Overwriting math alphabet `\mathsf' in version `normal'
(Font)                  OT1/lmss/m/n --> TU/lmss/m/n on input line 143.
LaTeX Font Info:    Overwriting math alphabet `\mathsf' in version `bold'
(Font)                  OT1/lmss/bx/n --> TU/lmss/b/n on input line 143.
LaTeX Font Info:    Overwriting math alphabet `\mathtt' in version `normal'
(Font)                  OT1/lmtt/m/n --> TU/lmtt/m/n on input line 143.
LaTeX Font Info:    Overwriting math alphabet `\mathtt' in version `bold'
(Font)                  OT1/lmtt/m/n --> TU/lmtt/b/n on input line 143.
 (/mnt/mydata/yh/liming/workspace/texlive/texmf-dist/tex/latex/translations/translations-basic-dictionary-english.trsl
File: translations-basic-dictionary-english.trsl (english translation file `translations-basic-dictionary')
)
Package translations Info: loading dictionary `translations-basic-dictionary' for `english'. on input line 143.

*geometry* driver: auto-detecting
*geometry* detected driver: xetex
*geometry* verbose mode - [ preamble ] result:
* driver: xetex
* paper: a4paper
* layout: <same size as paper>
* layoutoffset:(h,v)=(0.0pt,0.0pt)
* modes: includehead includefoot twoside asymmetric 
* h-part:(L,W,R)=(73.97716pt, 449.55356pt, 73.97716pt)
* v-part:(T,H,B)=(59.75095pt, 728.3904pt, 56.9055pt)
* \paperwidth=597.50787pt
* \paperheight=845.04684pt
* \textwidth=449.55356pt
* \textheight=677.85449pt
* \oddsidemargin=1.70717pt
* \evensidemargin=1.70717pt
* \topmargin=-12.51904pt
* \headheight=15.0pt
* \headsep=8.5359pt
* \topskip=12.0pt
* \footskip=30.0pt
* \marginparwidth=98.0pt
* \marginparsep=7.0pt
* \columnsep=10.0pt
* \skip\footins=10.8pt plus 4.0pt minus 2.0pt
* \hoffset=0.0pt
* \voffset=0.0pt
* \mag=1000
* \@twocolumnfalse
* \@twosidetrue
* \@mparswitchfalse
* \@reversemarginfalse
* (1in=72.27pt=25.4mm, 1cm=28.453pt)

(/mnt/mydata/yh/liming/workspace/texlive/texmf-dist/tex/latex/pdflscape/pdflscape.sty
Package: pdflscape 2025-06-23 v0.14 Display of landscape pages in PDF
 (/mnt/mydata/yh/liming/workspace/texlive/texmf-dist/tex/latex/pdflscape/pdflscape-nometadata.sty
Package: pdflscape-nometadata 2025-06-23 v0.14 Display of landscape pages in PDF (HO)
 (/mnt/mydata/yh/liming/workspace/texlive/texmf-dist/tex/latex/graphics/lscape.sty
Package: lscape 2020/05/28 v3.02 Landscape Pages (DPC)
)
Package pdflscape Info: Auto-detected driver: dvipdfm (xetex) on input line 98.
))
\c@lstlisting=\count695
Package newfloat Info: `float' package detected.
Package caption Info: Begin \AtBeginDocument code.
Package caption Info: hyperref package is loaded.
Package caption Info: End \AtBeginDocument code.
Package hyperref Info: Link coloring OFF on input line 143.
Package biblatex Info: Trying to load language 'english'...
Package biblatex Info: ... file 'english.lbx' found.
 (/mnt/mydata/yh/liming/workspace/texlive/texmf-dist/tex/latex/biblatex/lbx/english.lbx
File: english.lbx 2025/07/10 v3.21 biblatex localization (PK/MW)
)
Package biblatex Info: XeTeX detected.
(biblatex)             Assuming input encoding 'utf8'.
Package biblatex Info: Automatic encoding selection.
(biblatex)             Assuming data encoding 'utf8'.
\openout8 = `main.bcf'.

Package biblatex Info: Trying to load bibliographic data...
Package biblatex Info: ... file 'main.bbl' found.
 (Build//main.bbl)
Package biblatex Info: Reference section=0 on input line 143.
Package biblatex Info: Reference segment=0 on input line 143.
File: Materials/VI/XJTU.pdf Graphic file (type pdf)
<use Materials/VI/XJTU.pdf>
 [1

\openout5 = `main.xdy'.

] [2

] [3] [4

]
\spaceWidth=\dimen458
LaTeX Font Info:    Calculating math sizes for size <16> on input line 150.
LaTeX Font Info:    Trying to load font information for OML+lmm on input line 150.
 (/mnt/mydata/yh/liming/workspace/texlive/texmf-dist/tex/latex/lm/omllmm.fd
File: omllmm.fd 2015/05/01 v1.6.1 Font defs for Latin Modern
)
LaTeX Font Info:    Font shape `TU/XITSMath(2)/m/n' will be
(Font)              scaled to size 16.00171pt on input line 150.
LaTeX Font Info:    Font shape `TU/XITSMath(2)/m/n' will be
(Font)              scaled to size 11.20114pt on input line 150.
LaTeX Font Info:    Font shape `TU/XITSMath(2)/m/n' will be
(Font)              scaled to size 8.00085pt on input line 150.
LaTeX Font Info:    Font shape `TU/XITSMath(3)/m/n' will be
(Font)              scaled to size 15.99829pt on input line 150.
LaTeX Font Info:    Font shape `TU/XITSMath(3)/m/n' will be
(Font)              scaled to size 11.19875pt on input line 150.
LaTeX Font Info:    Font shape `TU/XITSMath(3)/m/n' will be
(Font)              scaled to size 7.99915pt on input line 150.
LaTeX Font Info:    Trying to load font information for U+rsfs on input line 150.
 (/mnt/mydata/yh/liming/workspace/texlive/texmf-dist/tex/latex/jknapltx/ursfs.fd
File: ursfs.fd 1998/03/24 rsfs font definition file (jk)
)
LaTeX Font Info:    Trying to load font information for U+msa on input line 150.
 (/mnt/mydata/yh/liming/workspace/texlive/texmf-dist/tex/latex/amsfonts/umsa.fd
File: umsa.fd 2013/01/14 v3.01 AMS symbols A
)
LaTeX Font Info:    Trying to load font information for U+msb on input line 150.
 (/mnt/mydata/yh/liming/workspace/texlive/texmf-dist/tex/latex/amsfonts/umsb.fd
File: umsb.fd 2013/01/14 v3.01 AMS symbols B
)
LaTeX Font Info:    Calculating math sizes for size <10.5> on input line 150.
LaTeX Font Info:    Font shape `TU/XITSMath(2)/m/n' will be
(Font)              scaled to size 10.50111pt on input line 150.
LaTeX Font Info:    Font shape `TU/XITSMath(2)/m/n' will be
(Font)              scaled to size 7.35074pt on input line 150.
LaTeX Font Info:    Font shape `TU/XITSMath(2)/m/n' will be
(Font)              scaled to size 5.25055pt on input line 150.
LaTeX Font Info:    Font shape `TU/XITSMath(3)/m/n' will be
(Font)              scaled to size 10.49887pt on input line 150.
LaTeX Font Info:    Font shape `TU/XITSMath(3)/m/n' will be
(Font)              scaled to size 7.34917pt on input line 150.
LaTeX Font Info:    Font shape `TU/XITSMath(3)/m/n' will be
(Font)              scaled to size 5.24944pt on input line 150.
 [5] [6

] (./Main_Miscellaneous/abstract_chs.tex
Overfull \hbox (2.0pt too wide) in paragraph at lines 20--20
[][] [] 
 []


Overfull \hbox (2.0pt too wide) in paragraph at lines 20--20
[] [] 
 []


Underfull \hbox (badness 10000) in paragraph at lines 20--21

 []

[1

]) [2


] (./Main_Miscellaneous/abstract_eng.tex [3

]
Overfull \hbox (2.0pt too wide) in paragraph at lines 19--19
[][] [] 
 []


Overfull \hbox (2.0pt too wide) in paragraph at lines 19--19
[] [] 
 []


Underfull \hbox (badness 10000) in paragraph at lines 19--20

 []

) [4] (Build/main.toc
LaTeX Font Info:    Font shape `TU/XITSMath(2)/m/n' will be
(Font)              scaled to size 12.00128pt on input line 1.
LaTeX Font Info:    Font shape `TU/XITSMath(2)/m/n' will be
(Font)              scaled to size 9.00096pt on input line 1.
LaTeX Font Info:    Font shape `TU/XITSMath(2)/m/n' will be
(Font)              scaled to size 7.20076pt on input line 1.
LaTeX Font Info:    Font shape `TU/XITSMath(3)/m/n' will be
(Font)              scaled to size 11.99872pt on input line 1.
LaTeX Font Info:    Font shape `TU/XITSMath(3)/m/n' will be
(Font)              scaled to size 8.99904pt on input line 1.
LaTeX Font Info:    Font shape `TU/XITSMath(3)/m/n' will be
(Font)              scaled to size 7.19922pt on input line 1.
 [5


])
\tf@toc=\write9
\openout9 = `main.toc'.

 [6] (Build/main.toe [7


])
\tf@toe=\write10
\openout10 = `main.toe'.

 [8]
\openout2 = `Main_Spine/c1.aux'.

 (./Main_Spine/c1.tex
Chapter 1.
[1



] [2] [3] [4] [5]) [6]
\openout2 = `Main_Spine/c2.aux'.

 (./Main_Spine/c2.tex
Chapter 2.
[7




] [8] [9]
File: ./Materials/VI/transformer.png Graphic file (type bmp)
<./Materials/VI/transformer.png>
File: ./Materials/VI/mamba.png Graphic file (type bmp)
<./Materials/VI/mamba.png>
 [10] [11]
File: ./Materials/VI/对比学习原理示意图.png Graphic file (type bmp)
<./Materials/VI/对比学习原理示意图.png>
 [12] [13] [14]) [15]
\openout2 = `Main_Spine/c3.aux'.

 (./Main_Spine/c3.tex
Chapter 3.
[16




] [17]
File: ./Materials/VI/数据集采集场景.png Graphic file (type bmp)
<./Materials/VI/数据集采集场景.png>
File: ./Materials/VI/IMU佩戴位置示意图.png Graphic file (type bmp)
<./Materials/VI/IMU佩戴位置示意图.png>
 [18]
File: ./Materials/VI/人体活动识别方法样本.png Graphic file (type bmp)
<./Materials/VI/人体活动识别方法样本.png>


LaTeX Warning: `h' float specifier changed to `ht'.

File: ./Materials/VI/活动样本分布图.png Graphic file (type bmp)
<./Materials/VI/活动样本分布图.png>

LaTeX Warning: `h' float specifier changed to `ht'.

[19]
File: ./Materials/VI/人体活动识别方法整体流程.png Graphic file (type bmp)
<./Materials/VI/人体活动识别方法整体流程.png>


LaTeX Warning: `h' float specifier changed to `ht'.

[20] [21] [22]
File: ./Materials/VI/活动识别模型架构图.jpg Graphic file (type bmp)
<./Materials/VI/活动识别模型架构图.jpg>


LaTeX Warning: `h' float specifier changed to `ht'.

[23] [24] [25] [26] [27] [28] [29]
File: ./Materials/VI/confusion_matrix.png Graphic file (type bmp)
<./Materials/VI/confusion_matrix.png>


LaTeX Warning: `h' float specifier changed to `ht'.

[30]
Overfull \vbox (72.50629pt too high) has occurred while \output is active []

 [31] [32] [33] [34] [35] [36] [37] [38] [39] [40] [41] [42]
File: ./Materials/VI/跨域少样本适配策略实验结果.png Graphic file (type bmp)
<./Materials/VI/跨域少样本适配策略实验结果.png>
) [43] [44]
\openout2 = `Main_Spine/c4.aux'.

 (./Main_Spine/c4.tex
Chapter 4.
[45




] [46]
File: ./Materials/VI/人体姿态重构与预测样本.png Graphic file (type bmp)
<./Materials/VI/人体姿态重构与预测样本.png>
 [47]
File: ./Materials/VI/人体姿态重构与预测方法整体流程.png Graphic file (type bmp)
<./Materials/VI/人体姿态重构与预测方法整体流程.png>


LaTeX Warning: `h' float specifier changed to `ht'.

[48] [49]
File: ./Materials/VI/姿态重构模型架构图.jpg Graphic file (type bmp)
<./Materials/VI/姿态重构模型架构图.jpg>
 [50] [51] [52] [53] [54] [55] [56]
LaTeX Font Info:    Font shape `TU/XITSMath(2)/b/n' will be
(Font)              scaled to size 12.00128pt on input line 230.
LaTeX Font Info:    Font shape `TU/XITSMath(2)/b/n' will be
(Font)              scaled to size 9.00096pt on input line 230.
LaTeX Font Info:    Font shape `TU/XITSMath(2)/b/n' will be
(Font)              scaled to size 7.20076pt on input line 230.
LaTeX Font Info:    Font shape `TU/XITSMath(3)/b/n' will be
(Font)              scaled to size 11.99872pt on input line 230.
LaTeX Font Info:    Font shape `TU/XITSMath(3)/b/n' will be
(Font)              scaled to size 8.99904pt on input line 230.
LaTeX Font Info:    Font shape `TU/XITSMath(3)/b/n' will be
(Font)              scaled to size 7.19922pt on input line 230.
 [57] [58] [59] [60] [61] [62] [63] [64] [65] [66]

Package fontspec Info: 
(fontspec)             Script 'CJK' not explicitly supported within font
(fontspec)             'FandolFang-Regular'. Check the typeset output, and if
(fontspec)             it is okay then ignore this warning. Otherwise a
(fontspec)             different font should be chosen.


Package fontspec Info: 
(fontspec)             Font family 'FandolFang-Regular(0)' created for font
(fontspec)             'FandolFang-Regular' with options
(fontspec)             [Script={CJK},Extension={.otf}].
(fontspec)              
(fontspec)              This font family consists of the following NFSS
(fontspec)             series/shapes:
(fontspec)              
(fontspec)             - 'normal' (m/n) with NFSS spec.:
(fontspec)             <->"[FandolFang-Regular.otf]/OT:script=hani;language=dflt;"

 [67]) [68] [69]
\openout2 = `Main_Spine/c5.aux'.

 (./Main_Spine/c5.tex
Chapter 5.
[70




]) [71] (./Main_Miscellaneous/acknowledegment.tex) [72




]

Package biblatex Warning: Keyword 'references' not found on input line 184.


LaTeX Warning: Empty bibliography on input line 184.

\blx@maxsegment@1=\count696
\blx@sectionciteorder@1=\count697
Package biblatex Info: Reference section=1 on input line 195.
Package biblatex Info: Setting label 'refsection:1' on input line 195.
Package biblatex Info: Reference section=0 on input line 195.
[73



] (./Main_Miscellaneous/decision.tex) [74


] [75


] [76

] (Build/main.aux (Build/Main_Spine/c1.aux) (Build/Main_Spine/c2.aux) (Build/Main_Spine/c3.aux) (Build/Main_Spine/c4.aux) (Build/Main_Spine/c5.aux))
 ***********
LaTeX2e <2025-11-01>
L3 programming layer <2022/08/05>
 ***********


LaTeX Warning: Label(s) may have changed. Rerun to get cross-references right.

Package logreq Info: Writing requests to 'main.run.xml'.
\openout1 = `main.run.xml'.

 ) 
Here is how much of TeX's memory you used:
 72667 strings out of 468179
 1619568 string characters out of 5425862
 2824140 words of memory out of 5000000
 100190 multiletter control sequences out of 15000+600000
 653487 words of font info for 229 fonts, out of 8000000 for 9000
 1348 hyphenation exceptions out of 8191
 105i,12n,155p,2513b,5143s stack positions out of 10000i,1000n,20000p,200000b,200000s

Output written on Build/main.pdf (90 pages).
